:020000040800F2
:10000000880B002001010008216C0008355400080D
:10001000056A0008310E0008E582000800000000B3
:100020000000000000000000000000004D73000808
:10003000151000080000000075720008C973000860
:100040001B0100081B0100081B0100081B01000820
:100050001B0100081B0100081B0100081B01000810
:100060001B0100081B0100081B010008850F000888
:100070001B010008950F0008A50F0008B50F000828
:100080001B0100081B0100088D0B00081B01000864
:100090001B0100081B0100081B0100081B010008D0
:1000A0001B0100081B0100081B0100081B010008C0
:1000B000657400081B010008757400081B01000826
:1000C0001B0100081B0100081B0100081B010008A0
:1000D0001D7300081B0100081B0100089581000822
:1000E0001B0100081B0100081B010008DFF80CD0F1
:1000F00000F0D2FC00480047CD830008880B0020A8
:100100000648804706480047FEE7FEE7FEE7FEE7B1
:10011000FEE7FEE7FEE7FEE7FEE7FEE761740008A4
:10012000ED00000840EA01039B0703D009E008C97D
:10013000121F08C0042AFAD203E011F8013B00F8AC
:10014000013B521EF9D27047D2B201E000F8012BF8
:10015000491EFBD270470022F6E710B513460A4647
:1001600004461946FFF7F0FF204610BD10B50022E7
:1001700000E0521C835C8C5CA34201D1002BF8D1BF
:10018000D8B2E1B2401A10BDCBB203E00178994277
:1001900003D0401C521EF9D20020704770B50646AD
:1001A00009F084F8046805460A220021304600F070
:1001B00077FB2C6070BDF0B480EA0102D40F4200DE
:1001C000B2EB410F02D20246084611464A0042D025
:1001D000C30DDDB2C1F3C752AD1A202D35DAC1F31C
:1001E000160141F4000204B15242C5F1200602FAA0
:1001F00006F12A411044B3EBD05F23D0C4B1012DE6
:10020000A0EBC35009DCF0BC4FF0004202EAC3523D
:10021000DBB200F5000000F084BB400000F180700C
:1002200000EBC350A0F1807040EAD170490009E0B2
:10023000490841EAC071A0EBC35000F50000400836
:1002400000EBC350F0BC00F063BB6142012202EB43
:100250004101001BF6E7F0BC704781F00041AAE7BE
:1002600080F00040A7E780EA010210B502F00043E9
:10027000400022D04A001FD0010E01EB1261C0F3F2
:100280005600C2F3560240F4000042F40002A0FB04
:10029000022000047F39140400D0401C50EA1240B0
:1002A00001D44000491EC2B20C0604EBD010401C21
:1002B0004008802A02D003E0002010BD20F0010099
:1002C000002900DA0020184310BD30B480EA010292
:1002D00002F0004530F0004221F0004013D090B110
:1002E000C30DD40DC2F31601C0F31600E41A41F495
:1002F000000140F400027D34914201D3641C00E00F
:100300004900002C02DA30BC002070474FF4000096
:100310000023914201D3891A034340084FEA410167
:10032000F7D151B1914202D14FF0004105E002D224
:100330004FF0010101E06FF0010103EBC4502844CC
:1003400030BC00F0E5BA2DE9FE4F804681EA03009B
:10035000C00F0C46009021F0004123F00045B8EB9F
:100360000200A94105D24046214690461C460B4654
:10037000024623F00040104347D0270DC7F30A0080
:10038000C3F30A510290401A019040286BDAC3F37C
:10039000130040F4801B0098924620B10023D2EB5A
:1003A000030A63EB0B0B01985946C0F1400250461B
:1003B00000F045FA06460D4650465946019A00F0AF
:1003C0005DFA10EB08006141002487EA115284EACB
:1003D000E7731A4340D0009A62B3019A012A4FEAA8
:1003E000075215DC001B61EB02014FF0004202EAEC
:1003F0000752CDE90042001C41F5801132462B46E0
:1004000000F0CCFA03B0BDE8F08F40462146F9E792
:10041000001B61EB0201001C41F5801300185B41D9
:100420002018A2F5001747EB030140EAD570B61972
:100430006D4111E06D084FEA360645EAC0754FEA96
:100440000752001B61EB0201001C41F580114908B5
:100450004FEA30000019514132462B4603B0BDE847
:10046000F04F00F08CBA0098012240000023D0EB3E
:10047000020263EBE073009821464FEAE074B8EBA8
:10048000000061EB0401E9E783F000435BE781F0E2
:10049000004158E72DE9FE4F81EA030404F00044CF
:1004A00021F0004100944FF0000B23F0004350EA8C
:1004B00001045ED052EA03045BD0C3F30A54C1F3D3
:1004C0000A552C44A4F2F3340194A0FB0254C1F366
:1004D000130141F48011C3F3130343F4801301FBB0
:1004E000024400FB034E840A970A44EA815447EA17
:1004F0008357A4FB076802958D0A05FB07854FEA21
:10050000932C04FB0C542705029D4FEA065847EA3A
:100510001637B5EB08056EEB070C870E920E47EA0F
:10052000811742EA8312A7FB0201B6EB0B0164EBD1
:1005300000042B0D43EA0C335E1844EB1C50DA46E2
:100540005146E7FB0201C5F313044FEA0B3343EABC
:1005500014534FEA0432019C43EA0603A4F10C044D
:100560000294009CCDE900B400F018FA03B0BDE895
:10057000F08F00200146F9E72DE9F04D81EA0304F0
:1005800004F0004B21F0004514464FF0000A23F020
:10059000004150EA050220D054EA01021DD0C5F303
:1005A0000A570246C5F31303C1F31300C1F30A56F9
:1005B00040F4801543F48013A7EB0608101BD646C1
:1005C00008F2FD3873EB050002D308F1010801E0E1
:1005D00092185B41B8F1000F03DA00200146BDE834
:1005E000F08D00204FF48011064684460EE0171B64
:1005F00073EB050705D3121B63EB050306434CEAB7
:10060000010C49084FEA300092185B4150EA01079B
:10061000EDD152EA030012D082EA040083EA050118
:10062000084305D0101BAB4106D20122002306E08F
:1006300000224FF0004302E06FF0010253101AEB6A
:1006400006004CEB085110EB0A0041EB0B01BDE832
:10065000F04D00F094B9002801DBC0F10040002902
:1006600001DBC1F10041814201D801207047002027
:100670007047002801DBC0F10040002901DBC1F117
:100680000041814201D201207047002070470028BC
:1006900001DBC0F10040002901DBC1F100418142D2
:1006A00001D30120704700207047002801DBC0F112
:1006B0000040002901DBC1F10041814201D9012044
:1006C000704700207047C10F80EAE0700844CA07F5
:1006D0009623002100F025B996230022114600F050
:1006E00020B900F0004220F00040C10DC0F3160018
:1006F00040F400007F2901DA00207047962903DCCE
:10070000C1F19601C84001E096398840002AF4D032
:100710004042704770B5C1F30A5201F00045002411
:10072000C1F3130140F2FF3341F480119A4201DA20
:10073000002070BD40F233439A42A2F2334203DC00
:10074000524200F08BF800E090402C43F1D0404240
:1007500070BD00F0004230F000400AD0C10D01F53C
:100760006071C0F3160042EA0151C208400711430C
:10077000704700200146704701F0004330B421F07B
:10078000004150EA010206D00A0DA2F56072C1F3E1
:100790001301002A02DC30BC00207047440F44EAF9
:1007A000C104C100E01830BC00EBC25000F0B0B88A
:1007B00030B50B46014600202022012409E021FA31
:1007C00002F59D4205D303FA02F5491B04FA02F52E
:1007D0002844151EA2F10102F1DC30BD2DE9F05FC5
:1007E0000546002092469B468846064681464024A0
:1007F0001BE0284641464746224600F02FF8534664
:100800005A46C01A914110D311461846224600F0AC
:1008100016F82D1A67EB01084F46224601200021E9
:1008200000F00DF817EB00094E41201EA4F1010461
:10083000DFDC484631462A464346BDE8F09F202A81
:1008400004DB203A00FA02F1002070479140C2F127
:10085000200320FA03F3194390407047202A04DB59
:10086000203A21FA02F00021704721FA02F3D04029
:10087000C2F120029140084319467047202A06DB46
:10088000CB17203A41FA02F043EAE07306E041FA5E
:1008900002F3D040C2F1200291400843194670474C
:1008A0002DE9F04791460F4680460446002614F88D
:1008B000015B2DB100F008F90068405DC007F6D17A
:1008C0002B2D02D02D2D18D0641E4A4639462046C5
:1008D00000F0FEF827B13968A14201D1C7F80080C5
:1008E00071054FF002040BD54042002803DD08F0EB
:1008F000DDFC0460A007BDE8F08746F48066E4E70D
:100900000028F8DA08F0D2FC04606FF00040F2E74B
:100910000029A8BF7047401C490008BF20F0010013
:10092000704710B4B0FA80FC00FA0CF050EA0104F1
:1009300004BF10BC704749B1CCF1200421FA04F483
:1009400011FA0CF118BF012121430843A3EB0C015C
:10095000CB1D4FEA00614FEA102042BF002010BCBF
:10096000704700EBC35010440029A4BF10BC70476F
:10097000401C490008BF20F0010010BC704710B5B2
:10098000141E73F1000408DA401C41F100019218B2
:100990005B411A4301D120F0010010BD2DE9F04D5B
:1009A00092469B4611B1B1FA81F202E0B0FA80F2B0
:1009B00020329046FFF743FF04460F4640EA0A0004
:1009C00041EA0B0153465A46084313D0114653EAF5
:1009D000010019D0C8F140025046FFF73FFF05461D
:1009E0000E46504659464246FFF729FF084305D0B8
:1009F000012004E020463946BDE8F08D0020054383
:100A000046EAE0762C4337430A986305E40AA0EBF4
:100A100008000022FD0A44EA47540A3002D50020AB
:100A20000146E9E7010510196941DDE908450019AA
:100A30006941BDE8F04DA2E7C1F30A52C1F31301C9
:100A400040F2FF3341F480119A4202DA002001465D
:100A5000704740F233439A42A2F2334202DC5242E0
:100A6000FFF7FCBEFFF7EBBE30B5041E71F10004CA
:100A700004DB4FF00044404264EB0101141E73F1AB
:100A8000000405DB1C464FF00043524263EB0403B5
:100A9000994208BF904230BD1CB5094800900948F2
:100AA00001900546009C06E0E06840F0010394E8F0
:100AB000070098471034AC42F6D3FFF71BFB000049
:100AC000CCB20008ECB2000800487047809C0008D7
:100AD0002DE9F05F82460078002715468B460AF123
:100AE0000104B946302801D09DB113E014F8010B80
:100AF0000127782803D0582801D045B10AE00DB16C
:100B0000102D07D10027102514F8010B02E008254D
:100B100000E00A250026B0460EE005FB080005FBB4
:100B200006F1012701EB10461FFA80F8B6F5803F69
:100B300000D3B94614F8010B294600F018F8002834
:100B4000EBDABBF1000F05D00FB1641E00E0544694
:100B5000CBF80040B9F1000F06D008F0A7FB022146
:100B60000160C81EBDE8F09F48EA0640FAE73A284F
:100B700000D2303820F02002412A01D3A2F1370000
:100B8000884201D34FF0FF307047000080B540F23B
:100B90009000C2F2000000F015FE80BD80B584B068
:100BA000029000200190029800688068C00770B32E
:100BB000FFE702980168886820F00100886001F072
:100BC0005BFF0190FFE7029800688068C007E8B10A
:100BD000FFE701F051FF0199401A032815D3FFE701
:100BE000029800688068C00770B1FFE70299886AC0
:100BF00040F0100088620299C86A40F00100C862A3
:100C000001208DF80F0006E0FFE7DCE7FFE700209A
:100C10008DF80F00FFE79DF80F0004B080BD0000C5
:100C200080B582B001900198406A00900098806A77
:100C300010F0500F28D1FFE70099886A40F4007047
:100C4000886200980068806800F46020B0F5602F2A
:100C500016D1FFE70098007B90B9FFE70099886AFA
:100C600020F4807088620098806AC004002806D44E
:100C7000FFE70099886A40F001008862FFE7FFE71C
:100C8000009800F083FD05E00098006A016B019870
:100C90008847FFE702B080BD80B582B0019001981F
:100CA000406A00900099886A40F04000886200998C
:100CB000C86A40F00400C862009800F07FFD02B0EE
:100CC00080BD000080B582B001900198406A00901C
:100CD000009800F06FFD02B080BD000080B584B0C8
:100CE0000290002001900090029800688068C00780
:100CF000002849D1FFE702980168886840F00100A8
:100D0000886040F21400C2F2000000684DF6836172
:100D1000C4F21B31A0FB0110800C0090FFE700988B
:100D200020B1FFE7009801380090F8E701F0A4FE39
:100D30000190FFE7029800688068C00718BBFFE7D2
:100D400001F09AFE0199401A03281BD3FFE702988D
:100D500000688068C007A0B9FFE70299886A40F080
:100D6000100088620299C86A40F00100C862FFE77B
:100D70000299002081F82400FFE701208DF80F0080
:100D800006E0FFE7D6E7FFE700208DF80F00FFE75A
:100D90009DF80F0004B080BD80B540F26C00C2F237
:100DA0000000C1784FF4FA7C01FB0CF145F62942B2
:100DB000C0F28F22A1FB023140F23833C2F20003AD
:100DC000D3F800E0CEF83810017901FB0CF1A1FB5B
:100DD00002E1D3F800E0CEF83C10417901FB0CF1C0
:100DE000A1FB02C11B685963C17963235943A1FB6D
:100DF000023140F2A823C2F200031B6859638178D4
:100E00004FF4E1535943A1FB022140F2F022C2F218
:100E10000002126811648279002A18BF012240F68C
:100E20000040C4F20100082101F00EFE80BD000068
:100E3000FFE7FEE780B584B00290232051210DF139
:100E4000070204F0C9FB20B1FFE701208DF80F0075
:100E500017E0232052210DF1060204F0BDFB20B162
:100E6000FFE702208DF80F000BE09DF807109DF8BA
:100E7000060040EA01200299088000208DF80F004A
:100E8000FFE79DF80F0004B080BD000080B582B080
:100E9000232050210DF1060204F09EFB20B1FFE754
:100EA00000208DF8070004E09DF806008DF807008B
:100EB000FFE79DF8070002B080BD000080B584B058
:100EC00002900191232009210DF1030204F084FB1B
:100ED00020B1FFE701208DF80F004FE00198E8B343
:100EE000FFE79DF8030000F001020199087800F087
:100EF000FE00104408709DF803200199087802F064
:100F0000020200F0FD00104408709DF803200199D2
:100F1000087802F0040200F0FB00104408709DF80D
:100F200003200199087802F0080200F0F70010444D
:100F300008709DF803200199087802F0100200F073
:100F4000EF00104408709DF803200199087802F022
:100F5000E00200F01F0010440870FFE70198421CF7
:100F60002320502104F038FB20B1FFE703208DF847
:100F70000F0003E000208DF80F00FFE79DF80F0041
:100F800004B080BD80B540F2C000C2F2000001F0A4
:100F90003BF880BD80B540F28C10C2F2000001F039
:100FA00033F880BD80B540F20410C2F2000001F0B9
:100FB0002BF880BD80B540F24810C2F2000001F06D
:100FC00023F880BD84B003900291019200930398AE
:100FD000C16B026C01209040486000980399096839
:100FE000486003984068102809D1FFE701980399E9
:100FF00009688860029803990968C86008E0029847
:10100000039909688860019803990968C860FFE737
:1010100004B070477047000080B58AB040F2844049
:10102000C2F20000006840684FF08441FFF72FFBD8
:10103000002868D1FFE740F28440C2F20000006857
:1010400040680021C4F2B001FFF713FB68B9FFE765
:1010500040F28440C2F20000006840684FF08341D3
:10106000FFF7F9FA00284ED1FFE740F28440C2F2C0
:1010700000000068C0680021C4F25C21FFF707FB94
:10108000002840D1FFE740F28440C2F2000000682F
:1010900000680021C4F2A021FFF7F9FA98BBFFE72E
:1010A00040F28440C2F20000006880680021C4F26F
:1010B000C001FFF7ECFA30BBFFE740F28440C2F218
:1010C0000000006840684FF08341FFF7D2FA40B952
:1010D000FFE740F24A00C2F200000088642812D004
:1010E000FFE740F24100C2F200000078002840F023
:1010F000AA80FFE740F25D00C2F2000000780128FC
:1011000040F0A180FFE740F26C01C2F20001002034
:101110000490887188705022CA700871487140F23A
:101120008440C2F20000016801200874FFF734FE19
:1011300005F0AEFD04994BF29302C0F600021023B5
:101140000993084606F032F80498099B4BF29E0278
:10115000C0F600020221009106F028F80099099BD0
:1011600040F22C52C2F20002202006F01FF840F29A
:101170005000C2F200000068FFF7EBFA02460B468F
:1011800040F25B50C2F2000003904BF2B001C0F697
:10119000000108F077F840F25800C2F20000006841
:1011A000FFF7D7FA02460B4640F26B50C2F200003E
:1011B00001904BF2DE01C0F6000108F063F840F246
:1011C0004400C2F200000068FFF7C3FA02460B4673
:1011D00040F24B50C2F2000005904BF2D301C0F632
:1011E000000108F04FF840F27C50C2F200000068A5
:1011F000FFF7AFFA02460B4640F23B50C2F2000046
:1012000008904BF2E901C0F6000108F03BF8019AA2
:10121000099B04980421029105F0C8FF0299039AE2
:10122000099B4820069005F0C1FF0498059A099B88
:101230000621079105F0BAFF06980799089A099BBD
:1012400005F0B4FFFFE70AB080BD000081B0EFF306
:10125000108072B60090FFE7FEE7000081B00090BA
:1012600040F28841C2F200010020C86142F2100140
:10127000C4F20201086840F004000860086840F009
:101280004000086001B0704781B0009040F2884192
:10129000C2F200010020C86142F21001C4F2020152
:1012A000086840F002000860009842F21402C4F29C
:1012B00002021060086840F04000086001B070470A
:1012C00082B00190ADF8021040F28841C2F20001F4
:1012D0000020C86142F21001C4F20201086840F027
:1012E00001000860BDF802000199088002B0704753
:1012F00081B000200090012040B9FFE742F21C00BD
:10130000C4F202000068C00748B915E042F20C00C0
:10131000C4F202000068C00600280DD5FFE740F2C5
:101320008841C2F20001C86940F00200C86100981B
:1013300040F010000090FFE7012040B9FFE742F2C3
:101340001C00C4F202000068C00748B915E042F270
:101350000C00C4F202000068400700280DD5FFE72A
:1013600040F28841C2F20001C86940F00100C86142
:10137000009840F004000090FFE7002040B9FFE72C
:1013800042F21C00C4F202000068C00750B91CE021
:1013900042F20C00C4F20200006840F2011108425F
:1013A00013D0FFE740F28841C2F20001C86940F063
:1013B0000400C861FFE742F21C01C4F202010868A0
:1013C00020F001000860FFE7FFE7FFE7009840F228
:1013D0000111884209D1FFE742F21C01C4F2020167
:1013E000086820F00100086006E0009842F20C0155
:1013F000C4F202010860FFE7FFE701B07047000098
:1014000080B584B0029001F037FB0190FFE742F213
:101410000C00C4F202000068C007A8B1FFE7029800
:10142000013080B1FFE7029840B1FFE701F024FBF3
:101430000199401A0299884204D9FFE703208DF8E8
:101440000F0065E0FFE7E2E7012040B9FFE742F265
:101450001C00C4F202000068C00748B911E042F263
:101460000C00C4F2020000688006002809D5FFE7DE
:10147000FFE742F20C01C4F2020120200860FFE7FE
:10148000FFE7012040B9FFE742F21C00C4F202006E
:101490000068C00790BB08E042F20C00C4F20200F2
:1014A0000068C006002829D4FFE7002040B9FFE704
:1014B00042F21C00C4F202000068C007F0B909E063
:1014C00042F20C00C4F20200006840F2011108422E
:1014D00014D1FFE7012040B9FFE742F21C00C4F23B
:1014E00002000068C00748B90EE042F20C00C4F2E6
:1014F000020000684007002806D5FFE7FFF7F8FE66
:1015000001208DF80F0003E000208DF80F00FFE7A9
:101510009DF80F0004B080BD80B586B0059001F045
:10152000BDF800200490039002900190019005996D
:10153000039101210491009001A8694600F088FF01
:1015400001F00CF806B080BD80B586B0059004911E
:10155000ADF80E2001F0A2F80020ADF80C00FFE776
:10156000BDF80C00BDF80E1088422CDAFFE7049994
:10157000BDF80C00095C01910130BDF80E108842E5
:1015800008DAFFE70499BDF80C000844407800022F
:10159000009002E000200090FFE7019800990843C6
:1015A000ADF80A000598BDF80C100144BDF80A20FA
:1015B0000120002300F0DCFFFFE7BDF80C00023043
:1015C000ADF80C00CCE700F0C9FF06B080BD00000C
:1015D00081B0009001B0704785B003900291002067
:1015E0008DF807000090FFE7039890F82400012889
:1015F00004D1FFE702208DF81300C3E00399012016
:1016000081F82400FFE7FFE702984068062812D817
:10161000FFE703980068406B029A1168526802EB7A
:101620008202053A1F23934098439140084303994F
:101630000968486329E0029840680C2812D8FFE73F
:1016400003980068006B029A1168526802EB8202EC
:10165000233A1F2393409843914008430399096814
:10166000086311E003980068C06A029A1168526822
:1016700002EB8202413A1F23934098439140084372
:1016800003990968C862FFE7FFE7029800680A2823
:1016900012D3FFE703980068C06802990A68896856
:1016A00002EB42021E3A07239340984391400843BD
:1016B00003990968C86010E00398006800690299FE
:1016C0000A68896802EB42020723934098439140DD
:1016D0000843039909680861FFE702980068102829
:1016E00005D0FFE702980068112840D1FFE7039872
:1016F000006842F20041C4F2010188422DD1FFE7A7
:101700000398006880680002002825D4FFE703984A
:101710000168886840F4000088600298006810281A
:1017200019D1FFE740F21400C2F2000000684DF644
:101730008361C4F21B31A0FB0110800C00EB800020
:1017400040000090FFE7009820B1FFE700980138C3
:101750000090F8E7FFE7FFE708E00399886A40F0A8
:101760002000886201208DF80700FFE7FFE7FFE710
:101770000399002081F82400FFE79DF807008DF809
:101780001300FFE79DF8130005B0704781B000908B
:10179000009840F29001C2F20001884207D1FFE7B1
:1017A00040F24001C2F2000101200870FFE701B0E1
:1017B0007047000081B0009001B0704781B0009088
:1017C00001B0704780B584B003900398006800684A
:1017D000029003980068406801909DF8040080061C
:1017E000002841D5FFE79DF80800800700283AD57A
:1017F000FFE70398806AC006002806D4FFE7039934
:10180000886A40F400708862FFE703980068806887
:1018100000F46020B0F5602F1CD1FFE70398007B37
:10182000C0B9FFE703980168486820F020004860CD
:101830000399886A20F4807088620398806AC004E3
:10184000002806D4FFE70399886A40F00100886207
:10185000FFE7FFE70398FFF799FF039801686FF030
:1018600012000860FFE7FFE79DF80400000600286B
:1018700051D5FFE79DF80800400700284AD5FFE74B
:101880000398806AC006002806D4FFE70399886A97
:1018900040F400508862FFE703980068806800F415
:1018A000E040B0F5E04F14D0FFE7039800684068CF
:1018B0004005002825D4FFE703980068806800F4FD
:1018C0006020B0F5602F1CD1FFE70398007BC0B902
:1018D000FFE703980168486820F08000486003999A
:1018E000886A20F4805088620398806AC0050028C6
:1018F00006D4FFE70399886A40F001008862FFE799
:10190000FFE70398FFF764FE039801686FF00C008F
:101910000860FFE7FFE79DF804004006002814D5A3
:10192000FFE79DF80800C00770B1FFE70399886AD8
:1019300040F480308862039800F014F9039801683D
:101940006FF001000860FFE7FFE704B080BD000012
:1019500080B588B0069000208DF8170004900390A1
:101960000290069820B9FFE701208DF81F00F4E0EF
:101970000698806830B1FFE70698007D08B1FFE760
:10198000FFE7FFE70698806A50B9FFE70699002055
:10199000C862069981F82400069800F0E7F8FFE78E
:1019A0000698FFF7FBF88DF817000698806AC006C6
:1019B000002800F1C480FFE79DF81700002840F0E0
:1019C000BE80FFE70698806A40F0020020F488504D
:1019D0000699886206994868CA691043097B40EAFB
:1019E0004101039808430390069881680120B1F5EE
:1019F000807F019008D0FFE7069880680138B0FA30
:101A000080F040090190FFE701990498CA0740F46B
:101A10008071002A18BF084604900698007D0128AE
:101A20001ED1FFE70698007B70B9FFE70698816931
:101A30004EF20000CFF6FF7000EB413004990843EE
:101A400040F4006004900AE00699886A40F02000A3
:101A500088620699C86A40F00100C862FFE7FFE7A4
:101A600006980068406820F4694004990843069984
:101A7000096848600698006880684FF2FD71CFF6EB
:101A8000E17108400399084306990968886006983F
:101A900081680120B1F5807F009008D0FFE70698AB
:101AA00080680138B0FA80F040090090FFE70098A4
:101AB00000F00100002818BF4FF48070B0F5807F5F
:101AC00009D1FFE7069801690020CFF6F07000EB1E
:101AD00001500290FFE706980068C06A20F4700089
:101AE0000299084306990968C862069800688068E8
:101AF00040F6FE61CFF61F710840039988420CD171
:101B0000FFE706990020C8620698806A40F001004D
:101B100020F002000699886210E00698806A40F082
:101B2000100020F00200069988620699C86A40F009
:101B30000100C86201208DF81700FFE708E0069950
:101B4000886A40F01000886201208DF81700FFE7D6
:101B50009DF817008DF81F00FFE79DF81F0008B0E3
:101B600080BD000081B0009001B0704780B58AB0A0
:101B70000990002008900790069005900998006849
:101B800042F20041C4F2010188425AD1FFE7FFE767
:101B900041F21800C4F20200016841F400710160D2
:101BA000006800F4007004900498FFE7FFE741F23A
:101BB0001800C4F20200016841F0040101600068ED
:101BC00000F0040003900398FFE70720059003202E
:101BD000069040F60000C4F2010005A900F08CFD5B
:101BE00040F2C000C2F2000002900821C4F20201DB
:101BF00001600021416081608022C2604FF48072E8
:101C000002614FF4806242618161C16100F040FB7A
:101C100018B1FFE7FFF71AFBFFE7FFE7099840F26B
:101C2000C001C2F20001016209984862FFE7122078
:101C300001900022114600F0BBFF019800F0AEFFBA
:101C4000FFE70AB080BD000080B586B00490039124
:101C5000029200208DF807000498006842F20041CB
:101C6000C4F20101884209D0FFE70498006842F6F7
:101C70000001C4F20101884209D1FFE742F20440A9
:101C8000C4F20100006800F47020009002E000201F
:101C90000090FFE70098002840F0DC80FFE7FFE7B6
:101CA000049890F82400012804D1FFE702208DF861
:101CB0001700D8E00499012081F82400FFE7FFE72E
:101CC0000498FFF70BF88DF807009DF8070000282F
:101CD00040F0B880FFE70498806A40F4807040F6D6
:101CE00001618843049988620498006842F6000103
:101CF000C4F20101884209D1FFE742F20440C4F274
:101D00000100006810F4702F03D018E00020B0B973
:101D1000FFE70499886A20F48010886204980068BC
:101D200040684005002809D5FFE70498806A40F420
:101D3000805020F4005004998862FFE72CE0049959
:101D4000886A40F4801088620498006842F200417A
:101D5000C4F20101884209D0FFE70498006842F606
:101D60000001C4F20101884209D1FFE742F20440B8
:101D7000C4F2010000684005002803D40BE00120F4
:101D800048B9FFE70498806A40F4805020F400507E
:101D900004998862FFE7FFE70498806AC00400287E
:101DA00006D5FFE70499C86A20F00600C86203E080
:101DB00004990020C862FFE7FFE70499002081F83A
:101DC0002400FFE70498016A40F62140C0F60000B5
:101DD00088620498016A40F6C540C0F60000C862F7
:101DE0000498016A40F69940C0F600000863049820
:101DF00001686FF00200086004980168886840F488
:101E00008070886004980168006A4C31039A029BD4
:101E100000F096FA04980068806800F46020B0F53D
:101E2000602F07D1FFE704980168886840F4A0009C
:101E3000886006E004980168886840F48010886033
:101E4000FFE706E0FFE70499002081F82400FFE7A0
:101E5000FFE703E001208DF80700FFE79DF807008A
:101E60008DF81700FFE79DF8170006B080BD000051
:101E700083B0019000208DF80300019890F82100B4
:101E800002280DD0FFE7019904208863FFE701993C
:101E9000002081F82000FFE701208DF80B0021E0F1
:101EA00001980168086820F00E0008600198016838
:101EB000086820F0010008600198C16B026C0120E5
:101EC00090404860FFE70199012081F82100FFE779
:101ED0000199002081F82000FFE79DF803008DF8AC
:101EE0000B00FFE79DF80B0003B0704780B588B08A
:101EF000079000208DF81B00079890F82100022819
:101F000007D0FFE707990420886301208DF81B00A4
:101F100076E007980168086820F00E0008600798CE
:101F20000168086820F0010008600798006808212F
:101F3000C4F20201884203D1FFE70120059047E087
:101F4000079800681C21C4F20201884203D1FFE710
:101F50001020049039E0079800683021C4F2020193
:101F6000884204D1FFE74FF4807003902AE007987D
:101F700000684421C4F20201884204D1FFE74FF413
:101F8000805002901BE0079800685821C4F20201BB
:101F9000884204D1FFE74FF4803001900CE00798AD
:101FA00001686C22C4F202024FF08070914208BFB7
:101FB0004FF480100190FFE701980290FFE702982C
:101FC0000390FFE703980490FFE704980590FFE76C
:101FD00005980421C4F2020108600799012081F8E4
:101FE0002100FFE70799002081F82000FFE707980C
:101FF000406B20B1FFE70798416B8847FFE7FFE799
:102000009DF81B0008B080BD80B58EB00D900D9876
:10201000C06B00680C900D98006800680B900C98DD
:102020000D99096CC8404007002875D5FFE79DF859
:102030002C00400700286FD5FFE70D980068006866
:102040008006002807D4FFE70D980168086820F093
:1020500004000860FFE70D9800680821C4F202013F
:10206000884203D1FFE704200A9047E00D980068FA
:102070001C21C4F20201884203D1FFE740200990ED
:1020800039E00D9800683021C4F20201884204D181
:10209000FFE74FF4806008902AE00D980068442123
:1020A000C4F20201884204D1FFE74FF48040079058
:1020B0001BE00D9800685821C4F20201884204D147
:1020C000FFE74FF4802006900CE00D9801686C2229
:1020D000C4F202024FF08060914208BF4FF48000CA
:1020E0000690FFE706980790FFE707980890FFE73C
:1020F00008980990FFE709980A90FFE70A980421D9
:10210000C4F2020108600D98C06A20B1FFE70D9883
:10211000C16A8847FFE7B8E00C980D99096CC84080
:102120008007002840F18080FFE79DF82C008007A1
:10213000002879D5FFE70D98006800688006002820
:102140000BD4FFE70D980168086820F00A000860CA
:102150000D99012081F82100FFE70D980068082102
:10216000C4F20201884203D1FFE70220059047E054
:102170000D9800681C21C4F20201884203D1FFE7D8
:102180002020049039E00D9800683021C4F202014B
:10219000884204D1FFE74FF4007003902AE00D98C5
:1021A00000684421C4F20201884204D1FFE74FF4E1
:1021B000005002901BE00D9800685821C4F2020103
:1021C000884204D1FFE74FF4003001900CE00D98F5
:1021D00001686C22C4F202024FF00070914208BF05
:1021E0004FF400100190FFE701980290FFE702987A
:1021F0000390FFE703980490FFE704980590FFE73A
:1022000005980421C4F202010860FFE70D9900203F
:1022100081F82000FFE70D98806A20B1FFE70D9854
:10222000816A8847FFE72FE00C980D99096CC84038
:102230000007002827D5FFE79DF82C00000700289D
:1022400021D5FFE70D980168086820F00E000860AE
:102250000D98C26B016C012000FA01F151600D99DB
:1022600088630D9981F82100FFE70D99002081F81E
:102270002000FFE70D98006B20B1FFE70D98016B80
:102280008847FFE7FFE7FFE7FFE70EB080BD0000EC
:1022900083B0019000200090019820B9FFE7012051
:1022A0008DF80B0047E0019908684FF6F872CBF6FD
:1022B000FD7210444CF6CD42CCF6CC42A0FB02029B
:1022C0006FF0030000EA9200086401990020C4F254
:1022D0000200C8630199022081F82100019800687A
:1022E00000680090009843F6F071884300900199CF
:1022F0004868D1F808C0CB680A6940EA0C00184366
:1023000010434A6910438A691043C9690143009820
:10231000084300900098019909680860019900201D
:102320008863019A012182F82110019981F8200027
:102330008DF80B00FFE79DF80B0003B0704700001D
:1023400080B586B0049003910292019300208DF82D
:102350000300FFE7049890F82000012804D1FFE76C
:1023600002208DF817004CE00499012081F820002C
:10237000FFE7FFE7049890F82100012832D1FFE73A
:102380000499022081F821000499002088630498B0
:102390000168086820F00100086004980399029A17
:1023A000019BFEF70FFE0498C06A38B1FFE704985E
:1023B0000168086840F00E0008600CE004980168AD
:1023C000086820F00400086004980168086840F07C
:1023D0000A000860FFE704980168086840F00100FF
:1023E000086009E0FFE70499002081F82000FFE77A
:1023F00002208DF80300FFE79DF803008DF8170019
:10240000FFE79DF8170006B080BD000080B584B0DE
:10241000039000F031FB0290039801900198013085
:1024200048B1FFE740F23600C2F20000017801989F
:1024300008440190FFE7FFE700F01EFB0299401AF5
:102440000199884201D2FFE7F6E704B080BD0000A1
:1024500080B586B00490039101208DF80B00002018
:102460000190FFE740F28840C2F20000007E0128A0
:1024700004D1FFE702208DF817006AE040F288419E
:10248000C2F2000101200876FFE7FFE70498006828
:10249000022819D1FFE74CF25030FEF7B1FF90B996
:1024A000FFE70120FEF7DAFE4CF25030FEF7A8FFFE
:1024B0008DF80B0042F21001C4F20201086820F00E
:1024C00004000860FFE737E04CF25030FEF798FF59
:1024D00088BBFFE703994FF0FF30086004988068DD
:1024E0000190FFE70198049A9168D26801EB82217C
:1024F00088421FD2FFE70198FEF7C6FE4CF250302B
:10250000FEF77EFF8DF80B0042F21001C4F20201CB
:10251000086820F0020008609DF80B0020B1FFE77A
:1025200001980399086005E0FFE7019800F58060D5
:102530000190D7E7FFE7FFE7FFE740F28841C2F2EB
:10254000000100200876FFE79DF80B008DF81700CA
:10255000FFE79DF8170006B080BD000042F21001B1
:10256000C4F20201086840F0800008600020704753
:1025700080B588B0069005910393029201208DF8F2
:10258000070000208DF806008DF80500FFE740F2F7
:102590008840C2F20000007E012804D1FFE702203B
:1025A0008DF81F0076E040F28841C2F20001012060
:1025B0000876FFE7FFE74CF25030FEF721FF8DF879
:1025C00007009DF80700002857D1FFE7069801286B
:1025D00004D1FFE701208DF805000CE006980228E1
:1025E00004D1FFE702208DF8050003E004208DF8F8
:1025F0000500FFE7FFE700208DF80600FFE79DF8E4
:1026000006009DF80510884236DAFFE705989DF828
:1026100006C000EB4C000299039A4FEA0C1E2023DF
:10262000A3EB0C1302FA03F321FA0EF119436FF036
:102630001F0303EB0C13DA40002B58BF114689B27D
:10264000FEF73EFE4CF25030FEF7DAFE8DF8070042
:1026500042F21001C4F20201086820F00100086093
:102660009DF8070008B1FFE706E0FFE79DF80600C8
:1026700001308DF80600C2E7FFE7FFE740F288412E
:10268000C2F2000100200876FFE79DF807008DF8F0
:102690001F00FFE79DF81F0008B080BD81B000203B
:1026A0008DF8030042F21000C4F202000068000638
:1026B00000281CD5FFE742F20401C4F2020140F2F7
:1026C0002310C4F26750086048F6AB10CCF6EF5008
:1026D000086042F21000C4F2020000680006002800
:1026E00004D5FFE701208DF80300FFE7FFE79DF821
:1026F000030001B07047000090B00F900E910020D1
:102700000D900990FFE70E9800680D99C8400028C9
:1027100000F07F81FFE70D99012088400C900E9812
:1027200000680C9908400B900B980C99884240F077
:102730006C81FFE70E9840680590002851D0FFE7B4
:10274000059801283AD0FFE7059802283FD0FFE717
:10275000059803285FD0FFE70598112832D0FFE7DE
:102760000598122838D0FFE705980021C1F2110121
:10277000884236D0FFE705980021C1F21201884255
:102780002FD0FFE705980021C1F22101884228D00F
:10279000FFE705980021C1F22201884221D0FFE71E
:1027A00005980021C1F2310188421AD0FFE705984F
:1027B0000021C1F23201884213D02FE00E98C06888
:1027C00009902CE00E98C0680430099027E00E981C
:1027D000C0680830099022E00E98C0680C3009905B
:1027E0001DE00E98806818B9FFE70420099011E0F9
:1027F0000E988068012806D1FFE7082009900C9800
:102800000F99086105E0082009900C980F9948611C
:10281000FFE7FFE703E00020099000E0FFE70B98E7
:10282000FF2803D8FFE70F98049003E00F980430C7
:102830000490FFE7049808900B98FF2804D8FFE75E
:102840000D988000039006E00D996FF01F0000EBDB
:1028500081000390FFE70398079008980068079AA3
:102860000F219140884309999140084308990860D5
:102870000E98C079C006002840F1C680FFE7FFE748
:1028800041F21800C4F20200016841F00101016048
:10289000006800F0010006900698FFE70D9820F010
:1028A00003000821C4F2010140580A900D9800F07D
:1028B000030081000F2000FA01F10A9888430A9072
:1028C0000F9840F60001C4F20101884203D1FFE7EE
:1028D0000020029026E00F9840F60041C4F201016A
:1028E000884203D1FFE70120019018E00F9841F2E0
:1028F0000001C4F20101884203D1FFE702200090E9
:102900000AE00F9941F20042C4F201020420914210
:1029100008BF03200090FFE700980190FFE70198AF
:102920000290FFE702980D9901F00301890000FA77
:1029300001F10A9808430A900A980D9921F00301C1
:102940000822C4F2010288500E988079C00600283F
:1029500009D5FFE70B9A40F20841C4F2010108686B
:102960001043086008E00B9A40F20841C4F20101EC
:10297000086890430860FFE70E9880798006002879
:1029800009D5FFE70B9A40F20C41C4F20101086837
:102990001043086008E00B9A40F20C41C4F20101B8
:1029A000086890430860FFE70E9880798007002848
:1029B00009D5FFE70B9A40F20441C4F2010108680F
:1029C0001043086008E00B9A40F20441C4F2010190
:1029D000086890430860FFE70E988079C00748B107
:1029E000FFE70B9A40F20041C4F20101086810436E
:1029F000086008E00B9A40F20041C4F20101086847
:102A000090430860FFE7FFE7FFE70D9801300D9066
:102A100079E610B07047000082B00190ADF8021066
:102A200001988068BDF80210084204D0FFE7012039
:102A30008DF8010003E000208DF80100FFE79DF80C
:102A4000010002B07047000082B00190ADF80210A2
:102A50008DF801209DF8010028B1FFE7BDF80200C4
:102A60000199086105E0BDF80200000401990861C0
:102A7000FFE702B07047000040F28050C2F2000051
:102A80000068704740F23600C2F20000027840F25F
:102A90008051C2F2000108681044086070470000CD
:102AA00080B542F20001C4F20201086840F0100053
:102AB0000860032000F096F80F2000F005F800F001
:102AC0003BF8002080BD000080B582B0009040F24D
:102AD0001400C2F20000006840F23601C2F20001A8
:102AE0000A784FF47A71B1FBF2F1B0FBF1F001F02A
:102AF00075F820B1FFE701208DF8070018E0009875
:102B00000F280DD8FFE700994FF0FF30002200F0AA
:102B10004FF8009840F23801C2F20001086003E06B
:102B200001208DF8070003E000208DF80700FFE783
:102B30009DF8070002B080BD83B0FFE741F21800A6
:102B4000C4F20200016841F001010160006800F078
:102B5000010002900298FFE7FFE741F21C00C4F277
:102B60000200016841F080510160006800F080506F
:102B700001900198FFE7FFE70421C4F20101086812
:102B80000090009820F0E0600090009840F0007005
:102B9000009000980860FFE703B0704780B582B0EE
:102BA0008DF807009DF9070005F09EFB02B080BD7F
:102BB00080B586B08DF81700049103920020029032
:102BC00005F0AAFB02909DF9170001900298049964
:102BD000039A04F027F80146019805F0A5FB06B01A
:102BE00080BD000080B582B00190019805F0BEFB69
:102BF00002B080BD80B586B00490002003900290A2
:102C000004980078C007002800F0AC80FFE700209F
:102C10008DF8070041F21C00C4F202000068C000F9
:102C2000002813D4FFE7FFE741F21C00C4F20200C2
:102C3000016841F080510160006800F08050009010
:102C40000098FFE701208DF80700FFE747F200003A
:102C5000C4F200000068C005002822D4FFE747F254
:102C60000001C4F20001086840F480700860FFF7BA
:102C700003FF0390FFE747F20000C4F20000006882
:102C8000C00500280CD4FFE7FFF7F6FE0399401AB1
:102C9000652804D3FFE703208DF817008AE0EAE7F0
:102CA000FFE741F22000C4F20200006800F4407027
:102CB00002900298E0B3FFE702980499496801F492
:102CC0004071884234D0FFE741F22001C4F2020192
:102CD000086820F44070029040F24042C4F2422260
:102CE0000120106000201060029808609DF8080024
:102CF000C007E0B1FFE7FFF7BFFE0390FFE741F237
:102D00002000C4F202000068800700280ED4FFE70C
:102D1000FFF7B2FE0399401A41F28931884204D389
:102D2000FFE703208DF8170044E0E8E7FFE7FFE73F
:102D300041F22001C4F20201086820F44070049AB4
:102D40005268104308609DF80700012809D1FFE789
:102D500041F21C01C4F20201086820F080500860B2
:102D6000FFE7FFE704980078800700280CD5FFE70D
:102D700041F20401C4F20201086820F44040049AC0
:102D8000926810430860FFE704980078C0060028A6
:102D90000CD5FFE741F20401C4F20201086820F4F7
:102DA0008000049AD26810430860FFE700208DF885
:102DB0001700FFE79DF8170006B080BD80B584B00E
:102DC00002900191029820B9FFE701208DF80F00D1
:102DD0001BE1019842F20001C4F20201096801F00E
:102DE0000701884216D9FFE742F20000C4F2020050
:102DF000016821F00701019A11430160006800F0A9
:102E000007000199884204D0FFE701208DF80F00E8
:102E1000FBE0FFE702980078800700282AD5FFE74B
:102E2000029800784007002809D5FFE741F2040125
:102E3000C4F20201086840F4E0600860FFE702980D
:102E400000780007002809D5FFE741F20401C4F229
:102E50000201086840F460500860FFE741F2040195
:102E6000C4F20201086820F0F000029A9268104350
:102E70000860FFE702980078C007002860D0FFE7ED
:102E80000298406801280ED1FFE741F20000C4F229
:102E9000020000688003002804D4FFE701208DF8B9
:102EA0000F00B2E021E00298406802280ED1FFE74F
:102EB00041F20000C4F2020000688001002804D43E
:102EC000FFE701208DF80F009FE00DE041F20000C8
:102ED000C4F2020000688007002804D4FFE7012044
:102EE0008DF80F0091E0FFE7FFE741F20401C4F223
:102EF0000201086820F00300029A5268104308603B
:102F0000FFF7BAFD0090FFE741F20400C4F20200AF
:102F1000006800F00C0002994968B0EB810F0ED0F8
:102F2000FFE7FFF7A9FD0099401A41F28931884275
:102F300004D3FFE703208DF80F0066E0E4E7FFE726
:102F4000019842F20001C4F20201096801F0070190
:102F5000884216D2FFE742F20000C4F20200016884
:102F600021F00701019A11430160006800F0070099
:102F70000199884204D0FFE701208DF80F0044E05A
:102F8000FFE702980078400700280CD5FFE741F2E0
:102F90000401C4F20201086820F4E060029AD268D9
:102FA00010430860FFE702980078000700280DD55D
:102FB000FFE741F20401C4F20201086820F4605006
:102FC000029A126940EAC2000860FFE700F04CF87C
:102FD00041F20401C4F202010968C9B20A0949F6C2
:102FE0008441C0F60001895CC84040F21401C2F27D
:102FF0000001086040F23800C2F200000068FFF7EC
:1030000063FD00208DF80F00FFE79DF80F0004B06E
:1030100080BD000040F21400C2F20000006870475A
:1030200080B5FFF7F7FF41F20401C4F2020109681D
:10303000C1F3022249F69441C0F60001895CC84000
:1030400080BD000080B5FFF7E5FF41F20401C4F246
:1030500002010968C1F3C22249F69441C0F6000199
:10306000895CC84080BD000086B0002005900490B7
:1030700003900290019041F20400C4F20200006843
:103080000590059800F00C000146009100283FD003
:10309000FFE70098042804D0FFE70098082806D02E
:1030A00037E041F20020C0F27A00019037E0059845
:1030B000C0F383414AF2B440C0F60000405C029085
:1030C0009DF81600C007C0B1FFE741F20400C4F24A
:1030D00002000068C0F340414AF2C440C0F600005C
:1030E000405C0490029841F20021C0F27A0148430A
:1030F0000499B0FBF1F0039007E0029840F600114C
:10310000C0F23D0148430390FFE70398019006E0B9
:10311000FFE741F20020C0F27A000190FFE701983A
:1031200006B0704780B586B00490049820B9FFE7D8
:1031300001208DF817002EE304980078C0070028BE
:1031400000F0AE80FFE741F20400C4F20200006824
:1031500000F00C00042813D0FFE741F20400C4F291
:103160000200006800F00C0008281BD1FFE741F2C4
:103170000400C4F202000068C003002812D5FFE773
:1031800041F20000C4F2020000688003002808D564
:10319000FFE70498406820B9FFE701208DF8170089
:1031A000F9E27CE0FFE704984068B0F5803F09D180
:1031B000FFE741F20001C4F20201086840F48030E8
:1031C000086032E00498406868B9FFE741F2000106
:1031D000C4F20201086820F480300860086820F416
:1031E0008020086020E004984068B0F5A02F0DD141
:1031F000FFE741F20001C4F20201086840F48020B8
:103200000860086840F4803008600CE041F200017A
:10321000C4F20201086820F480300860086820F4D5
:1032200080200860FFE7FFE7FFE7FFE704984068BA
:10323000D0B1FFE7FFF720FC0390FFE741F2000069
:10324000C4F202000068800300280CD4FFE7FFF7F7
:1032500013FC0399401A652804D3FFE703208DF877
:10326000170098E2EAE719E0FFF706FC0390FFE792
:1032700041F20000C4F202000068800300280CD56F
:10328000FFE7FFF7F9FB0399401A652804D3FFE72E
:1032900003208DF817007EE2EAE7FFE7FFE7FFE78C
:1032A000049800788007002840F18D80FFE741F204
:1032B0000400C4F20200006810F00C0F13D0FFE706
:1032C00041F20400C4F20200006800F00C0008287B
:1032D00029D1FFE741F20400C4F202000068C003F4
:1032E000002820D4FFE741F20000C4F20200006889
:1032F0008007002809D5FFE704980069012804D059
:10330000FFE701208DF8170045E241F20001C4F209
:103310000201086820F0F800049A526940EAC200ED
:103320000860FFE74EE00498006958B3FFE700210A
:10333000C4F2422101200860FFF79EFB0390FFE7E3
:1033400041F20000C4F202000068800700280CD49B
:10335000FFE7FFF791FB0399401A032804D3FFE727
:1033600003208DF8170016E2EAE741F20001C4F2EB
:103370000201086820F0F800049A526940EAC2008D
:1033800008601EE00021C4F2422100200860FFF71F
:1033900073FB0390FFE741F20000C4F202000068F3
:1033A000800700280CD5FFE7FFF766FB0399401A5A
:1033B000032804D3FFE703208DF81700EBE1EAE7C9
:1033C000FFE7FFE7FFE7049800780007002848D5EB
:1033D000FFE70498806918B3FFE740F28041C4F228
:1033E000422101200860FFF747FB0390FFE741F20D
:1033F0002400C4F202000068800700280CD4FFE714
:10340000FFF73AFB0399401A032804D3FFE7032090
:103410008DF81700BFE1EAE7012003F02DFF1FE060
:1034200040F28041C4F2422100200860FFF724FBF3
:103430000390FFE741F22400C4F202000068800715
:1034400000280CD5FFE7FFF717FB0399401A032864
:1034500004D3FFE703208DF817009CE1EAE7FFE7BC
:10346000FFE7049800784007002840F1D880FFE784
:1034700000208DF8070041F21C00C4F20200006831
:10348000C000002813D4FFE7FFE741F21C00C4F29C
:103490000200016841F080510160006800F0805036
:1034A00000900098FFE701208DF80700FFE747F242
:1034B0000000C4F200000068C005002822D4FFE725
:1034C00047F20001C4F20001086840F4807008600F
:1034D000FFF7D2FA0390FFE747F20000C4F20000C2
:1034E0000068C00500280CD4FFE7FFF7C5FA039970
:1034F000401A652804D3FFE703208DF817004AE13E
:10350000EAE7FFE7FFE70498C068012809D1FFE771
:1035100041F22001C4F20201086840F00100086095
:1035200031E00498C06868B9FFE741F22001C4F2B5
:103530000201086820F001000860086820F004001B
:1035400008601FE00498C06805280DD1FFE741F22C
:103550002001C4F20201086840F004000860086815
:1035600040F0010008600CE041F22001C4F20201C9
:10357000086820F001000860086820F00400086076
:10358000FFE7FFE7FFE7FFE70498C068E0B1FFE768
:10359000FFF772FA0390FFE741F22000C4F2020045
:1035A0000068800700280ED4FFE7FFF765FA03994B
:1035B000401A41F28931884204D3FFE703208DF895
:1035C0001700E8E0E8E71BE0FFF756FA0390FFE793
:1035D00041F22000C4F202000068800700280ED5E6
:1035E000FFE7FFF749FA0399401A41F2893188420F
:1035F00004D3FFE703208DF81700CCE0E8E7FFE7EE
:103600009DF80700012809D1FFE741F21C01C4F22F
:103610000201086820F080500860FFE7FFE7049887
:10362000C069002800F0B380FFE741F20400C4F253
:103630000200006800F00C00082800F08280FFE71C
:103640000498C06902285CD1FFE76021C4F24221DE
:1036500000200860FFF710FA0390FFE741F2000036
:10366000C4F202000068800100280CD5FFE7FFF7D4
:1036700003FA0399401A032804D3FFE703208DF8C7
:10368000170088E0EAE70498006AB0F5803F0CD1A3
:10369000FFE741F20401C4F20201086820F400309F
:1036A000049A926810430860FFE741F20401C4F2F3
:1036B0000201086820F47410049B1A6A5B6A1A43BA
:1036C000104308606021C4F2422101200860FFF726
:1036D000D3F90390FFE741F20000C4F20200006852
:1036E000800100280CD4FFE7FFF7C6F90399401AC0
:1036F000032804D3FFE703208DF817004BE0EAE727
:103700001EE06021C4F2422100200860FFF7B4F9F6
:103710000390FFE741F20000C4F20200006880015C
:1037200000280CD5FFE7FFF7A7F90399401A0328F3
:1037300004D3FFE703208DF817002CE0EAE7FFE74A
:1037400024E00498C069012804D1FFE701208DF826
:10375000170020E041F20400C4F202000068029069
:10376000029800F480300499096A884208D1FFE782
:10377000029800F470100499496A884204D0FFE767
:1037800001208DF8170006E0FFE7FFE7FFE70020C4
:103790008DF81700FFE79DF8170006B080BD000008
:1037A00081B0009001B0704780B586B00590059853
:1037B00000684068049005980068806803909DF850
:1037C0000C0000F040010020B0EB911F11D1FFE789
:1037D0000398C00768B1FFE79DF8100000F04001B2
:1037E0000020B0EB911F04D0FFE70598016C8847DB
:1037F000D6E09DF80C0000F002010020B0EB510F64
:103800000BD0FFE79DF810100020B0EBD11F04D0C3
:10381000FFE70598416C8847C2E09DF80C0000F076
:1038200020010020B0EB511F0AD1FFE79DF80C00EA
:1038300000F040010020B0EB911F00F0B180FFE7E5
:103840009DF8100000F020010020B0EB511F00F0A7
:10385000A780FFE79DF80C0000F040010020B0EBCE
:10386000911F28D0FFE7059890F85100032813D046
:10387000FFE70599486D40F004004865FFE7002028
:10388000029005980068C0680290059800688068FA
:1038900002900298FFE70DE0FFE7002001900598F5
:1038A0000068C068019005980068806801900198E0
:1038B000FFE775E0FFE79DF80C0000F02001002015
:1038C000B0EB511F15D0FFE70599486D40F001009E
:1038D0004865FFE700200090059800688068009028
:1038E00005980168086820F0400008600098FFE72C
:1038F000FFE70598406D002851D0FFE70598016863
:10390000486820F0E00048600599012081F85100E6
:103910009DF810008007002805D4FFE79DF81000EF
:10392000C007B8B3FFE705980168486820F00300B6
:1039300048600598C06CA0B1FFE70598C16C47F2DC
:103940002D30C0F6000048630598C06CFEF7CEFA33
:1039500030B1FFE70599486D40F040004865FFE74A
:10396000FFE70598806CA0B1FFE70598816C47F2EE
:103970002D30C0F6000048630598806CFEF7B6FA5B
:1039800030B1FFE70599486D40F040004865FFE71A
:10399000FFE703E00598FFF703FFFFE7FFE7FFE717
:1039A00006B080BD80B584B00290029820B9FFE7D0
:1039B00001208DF80F006EE00298406A60B9FFE7C1
:1039C00002984068B0F5827F01D1FFE703E00299D9
:1039D0000020C861FFE705E0029900200861029914
:1039E0004861FFE7029900208862029890F8510030
:1039F00040B9FFE70299002081F85000029800F0DA
:103A00004FF8FFE70299022081F8510002980168FF
:103A1000086820F040000860029A0192116850681E
:103A2000D2F808C0D36800F482700CF4044C6044EF
:103A300003F400631844136903F002031844536944
:103A400003F001031844936903F400731844D36925
:103A500003F038031844136A03F080031843926A92
:103A600002F4005210430860029801688269042041
:103A700000EA1240486002980168C86920F40060BA
:103A8000C861029900204865029A012182F851100C
:103A90008DF80F00FFE79DF80F0004B080BD000017
:103AA00080B58EB00D9000200C900B900A9009907C
:103AB0000D98006843F60001C4F20001884240F00E
:103AC0008B80FFE7FFE741F21C00C4F202000168AF
:103AD00041F480410160006800F48040089008983B
:103AE000FFE7FFE741F21800C4F20200016841F06D
:103AF00008010160006800F0080007900798FFE7E0
:103B00004FF42040099002200A9003200C9040F6C8
:103B10000040C4F20100039009A90491FEF7ECFDF6
:103B2000039804994FF480420992002205920A9268
:103B30000B92FEF7E1FD059940F20410C2F200007D
:103B400006904422C4F20202026041608160802239
:103B5000C260016141618161C161FEF799FB18B1E9
:103B6000FFE7FDF773FBFFE7FFE70D9840F2041155
:103B7000C2F20001C1640D984862FFE740F24810AC
:103B8000C2F2000002905821C4F20201016010212B
:103B90004160002181608022C260016141618161D8
:103BA000C161FEF775FB18B1FFE7FDF74FFBFFE7BB
:103BB000FFE70D9840F24811C2F2000181640D98B0
:103BC0004862FFE72420019000221146FEF7F0FF33
:103BD0000198FEF7E3FFFFE70EB080BD80B582B02D
:103BE0000190019803F0C6FB02B080BD81B0009047
:103BF00001B0704781B0009001B0704784B002906E
:103C0000019100200090FFE7029890F83C00012805
:103C100004D1FFE702208DF80F0044E00299012053
:103C200081F83C00FFE7FFE7009820F0FF000199D2
:103C3000C96808430090009820F440700199896891
:103C400008430090009820F4806001994968084377
:103C50000090009820F400600199096808430090E2
:103C6000009820F480500199096908430090009859
:103C700020F400500199496908430090009820F40D
:103C800080400199C9690843009000980299096829
:103C90004864FFE70299002081F83C00FFE700201C
:103CA0008DF80F00FFE79DF80F0004B0704700008B
:103CB00085B003900291FFE7039890F83C0001283B
:103CC00004D1FFE702208DF813005BE00399012087
:103CD00081F83C00FFE7FFE70399022081F83D00EF
:103CE000039800684068019003980068806800901D
:103CF000019820F070000190029801680198084333
:103D0000019001980399096848600398006842F699
:103D10000041C4F20101884218D0FFE7039800680F
:103D2000B0F1804F12D0FFE70398006840F20041E5
:103D3000C4F20001884209D0FFE70398006840F60A
:103D40000001C4F2000188420ED1FFE7009820F084
:103D50008000009002984168009808430090009805
:103D6000039909688860FFE70399012081F83D0005
:103D7000FFE70399002081F83C00FFE700208DF861
:103D80001300FFE79DF8130005B0704780B582B0BF
:103D90000090009820B9FFE701208DF807003FE070
:103DA000009890F83D0040B9FFE70099002081F8A5
:103DB0003C00009800F038F8FFE70099022081F8F5
:103DC0003D00009951F8040B03F05CFB00990120C1
:103DD00081F84600FFE70099012081F83E00009934
:103DE00081F83F00009981F84000009981F8410076
:103DF000FFE7FFE70099012081F84200009981F870
:103E00004300009981F84400009981F84500FFE7DC
:103E10000099012081F83D0000208DF80700FFE7A0
:103E20009DF8070002B080BD80B586B0059005986A
:103E3000006842F60041C4F20101884210D1FFE758
:103E4000FFE741F21800C4F20200016841F400618A
:103E50000160006800F4006004900498FFE73CE013
:103E60000598006840F20041C4F20001884210D178
:103E7000FFE7FFE741F21C00C4F20200016841F0D5
:103E800002010160006800F0020003900398FFE760
:103E900022E00598006840F60001C4F20001884263
:103EA00019D1FFE7FFE741F21C00C4F202000168EC
:103EB00041F004010160006800F0040002900298E3
:103EC000FFE71E20019000221146FEF771FE0198C7
:103ED000FEF764FEFFE7FFE7FFE706B080BD0000E6
:103EE00083B00190019890F83D00012804D0FFE7CD
:103EF00001208DF80B0047E00199022081F83D0078
:103F000001980168C86840F00100C8600198006825
:103F100042F60041C4F20101884218D0FFE701983F
:103F20000068B0F1804F12D0FFE70198006840F2BE
:103F30000041C4F20001884209D0FFE701980068FF
:103F400040F60001C4F20001884212D1FFE7019857
:103F50000068806800F0070000900098062807D0ED
:103F6000FFE701980168086840F001000860FFE77A
:103F700006E001980168086840F001000860FFE76A
:103F800000208DF80B00FFE79DF80B0003B0704791
:103F900080B586B00490039100208DF80B00FFE7F8
:103FA000049890F83C00012804D1FFE702208DF826
:103FB0001700ABE00499012081F83C00FFE7FFE720
:103FC0000499022081F83D000498006880680190FF
:103FD000019820F077000190019820F47F40019033
:103FE0000198049909688860039800680090002887
:103FF00072D0FFE7009810286ED0FFE700982028C5
:104000006AD0FFE70098302866D0FFE70098402884
:1040100055D0FFE70098502837D0FFE70098602878
:1040200040D0FFE7009870280BD0FFE70098B0F56C
:10403000805F05D0FFE70098B0F5005F16D052E032
:1040400055E004980068039B5A689968DB6803F0A0
:10405000B9FA0498006880680190019840F07700F0
:104060000190019804990968886040E0049800680C
:10407000039B5A689968DB6803F0A4FA0498016806
:10408000886840F48040886031E004980068039AB2
:104090005168D26803F052FC04980068502103F084
:1040A000ABFA24E004980068039A5168D26803F0E0
:1040B0006DFC04980068602103F09EFA17E00498F4
:1040C0000068039A5168D26803F038FC04980068CD
:1040D000402103F091FA0AE0049800680399096806
:1040E00003F08AFA03E001208DF80B00FFE7049942
:1040F000012081F83D00FFE70499002081F83C0091
:10410000FFE79DF80B008DF81700FFE79DF81700FB
:1041100006B080BD81B0009001B0704780B584B01A
:10412000039003980068C0680290039800680069D3
:1041300001909DF804008007002824D5FFE79DF832
:104140000800800700281DD5FFE7039801686FF07D
:1041500002000861039901200877039800688069CC
:10416000800720B1FFE70398FFF7D4FF06E003982C
:1041700000F0CAF9039800F031FBFFE70399002033
:104180000877FFE7FFE79DF804004007002825D5E2
:10419000FFE79DF80800400700281ED5FFE70398B9
:1041A00001686FF004000861039902200877039802
:1041B0000068806910F4407F04D0FFE70398FFF7A0
:1041C000A9FF06E0039800F09FF9039800F006FBB2
:1041D000FFE7039900200877FFE7FFE79DF8040059
:1041E0000007002824D5FFE79DF8080000070028F5
:1041F0001DD5FFE7039801686FF008000861039977
:104200000420087703980068C069800720B1FFE7A1
:104210000398FFF77FFF06E0039800F075F9039815
:1042200000F0DCFAFFE7039900200877FFE7FFE7DB
:104230009DF80400C006002825D5FFE79DF808007A
:10424000C00600281ED5FFE7039801686FF0100034
:10425000086103990820087703980068C06910F482
:10426000407F04D0FFE70398FFF754FF06E0039870
:1042700000F04AF9039800F0B1FAFFE70399002033
:104280000877FFE7FFE79DF80400C00778B1FFE774
:104290009DF80800C00748B1FFE7039801686FF078
:1042A00001000861039800F04DFBFFE7FFE79DF870
:1042B00004000006002810D5FFE79DF8080000065E
:1042C000002809D5FFE7039801686FF080000861B6
:1042D0000398FFF78BFCFFE7FFE79DF8040040061B
:1042E000002810D5FFE79DF808004006002809D5F2
:1042F000FFE7039801686FF040000861039800F041
:1043000095FBFFE7FFE79DF804008006002810D525
:10431000FFE79DF808008006002809D5FFE703980D
:1043200001686FF0200008610398FFF763FCFFE766
:10433000FFE704B080BD000080B58CB00B9000207A
:104340000A900990089007900B98006842F6004187
:10435000C4F2010188421DD1FFE7FFE741F21800D6
:10436000C4F20200016841F004010160006800F03D
:10437000040006900698FFE74FF480700790022033
:1043800008900A9040F60000C4F2010007A9FEF769
:10439000B3F965E00B980068B0F1804F1CD1FFE7DE
:1043A000FFE741F21800C4F20200016841F0040185
:1043B0000160006800F0040005900598FFE7082000
:1043C0000790022008900A9040F60000C4F2010015
:1043D00007A9FEF791F942E00B98006840F200410E
:1043E000C4F20001884239D1FFE7FFE741F218002B
:1043F000C4F20200016841F004010160006800F0AD
:10440000040004900498FFE7FFE741F21800C4F2AB
:104410000200016841F008010160006800F0080036
:1044200003900398FFE7C0200790022001900890B6
:104430000A9040F60000C4F2010007A90291FEF7BD
:104440005BF9019802990122079208900A9040F6C0
:104450000040C4F20100FEF74FF9FFE7FFE7FFE776
:104460000CB080BD80B586B004900391029200200C
:104470008DF80700FFE7049890F83C00012804D16C
:10448000FFE702208DF817003AE00499012081F837
:104490003C00FFE7FFE7029800900C2821D8009924
:1044A000DFE801F0071F1F1F0D1F1F1F131F1F1F16
:1044B000190004980068039903F0B4F815E0049813
:1044C0000068039903F016F90FE004980068039957
:1044D00003F07CF909E004980068039903F0E2F91D
:1044E00003E001208DF80700FFE7FFE704990020B3
:1044F00081F83C00FFE79DF807008DF81700FFE703
:104500009DF8170006B080BD81B0009001B07047E3
:1045100080B582B00090009820B9FFE701208DF8A7
:1045200007003FE0009890F83D0040B9FFE7009990
:10453000002081F83C00009800F038F8FFE700996F
:10454000022081F83D00009951F8040B02F09AFF17
:104550000099012081F84600FFE70099012081F8C9
:104560003E00009981F83F00009981F840000099D1
:1045700081F84100FFE7FFE70099012081F8420040
:10458000009981F84300009981F84400009981F86E
:104590004500FFE70099012081F83D0000208DF8DB
:1045A0000700FFE79DF8070002B080BD81B00090D2
:1045B00001B0704780B586B004900391029200204C
:1045C0008DF80700FFE7049890F83C00012804D11B
:1045D000FFE702208DF8170089E00499012081F897
:1045E0003C00FFE7FFE7029800900C2800F2708083
:1045F0000099DFE801F0076D6D6D206D6D6D3A6D0E
:104600006D6D530004980068039903F00BF804984B
:104610000168886940F00800886104980168886929
:1046200020F0040088610398026904980168886991
:104630001043886150E004980068039903F05AF829
:1046400004980168886940F40060886104980168F2
:10465000886920F480608861039802690498016881
:10466000886940EA0220886136E00498006803996E
:1046700003F0ACF804980168C86940F00800C8610C
:1046800004980168C86920F00400C86103980269B1
:1046900004980168C8691043C8611DE00498006867
:1046A000039903F0FFF804980168C86940F40060BA
:1046B000C86104980168C86920F48060C8610398E3
:1046C000026904980168C86940EA0220C86103E0F1
:1046D00001208DF80700FFE7FFE70499002081F82B
:1046E0003C00FFE79DF807008DF81700FFE79DF8F5
:1046F000170006B080BD000080B582B00090009821
:1047000020B9FFE701208DF807003FE0009890F8FE
:104710003D0040B9FFE70099002081F83C00009877
:1047200000F038F8FFE70099022081F83D00009979
:1047300051F8040B02F0A6FE0099012081F8460012
:10474000FFE70099012081F83E00009981F83F00C1
:10475000009981F84000009981F84100FFE7FFE7E8
:104760000099012081F84200009981F843000099E6
:1047700081F84400009981F84500FFE70099012085
:1047800081F83D0000208DF80700FFE79DF8070045
:1047900002B080BD80B584B0039003980068B0F18A
:1047A000804F19D1FFE7FFE741F21C00C4F202007D
:1047B000016841F001010160006800F00100029011
:1047C0000298FFE71C20019000221146FEF7F0F945
:1047D0000198FEF7E3F9FFE704B080BD81B00090D7
:1047E00001B0704780B58AB008900791079828B942
:1047F000FFE7089890F83E0005901CE00798042811
:1048000005D1FFE7089890F83F00049010E0079862
:10481000082805D1FFE7089890F84000039004E0CD
:10482000089890F841000390FFE703980490FFE791
:1048300004980590FFE70598012804D0FFE70120C0
:104840008DF827007AE0079828B9FFE70899022039
:1048500081F83E001EE00798042806D1FFE708997A
:10486000022081F83F00029012E00798082806D144
:10487000FFE70899022081F84000019005E00899BF
:10488000022081F841000190FFE701980290FFE7C4
:104890000298FFE7089800680799012202F076FE67
:1048A0000898006842F60041C4F20101884207D12D
:1048B000FFE708980168486C40F400404864FFE74F
:1048C0000898006842F60041C4F20101884218D0FD
:1048D000FFE708980068B0F1804F12D0FFE7089812
:1048E000006840F20041C4F20001884209D0FFE7AD
:1048F0000898006840F60001C4F20001884212D115
:10490000FFE708980068806800F0070006900698A6
:10491000062807D0FFE708980168086840F0010002
:104920000860FFE706E008980168086840F00100A9
:104930000860FFE700208DF82700FFE79DF82700BB
:104940000AB080BD80B584B003900398006840F63B
:104950000001C4F20001884266D1FFE70398007F9E
:10496000002860D1FFE701F011F840F60040C4F2E2
:1049700001001021FEF750F880F0010040F24101E3
:10498000C2F20001087040F26040C2F200000078FC
:10499000142811D1FFE740F28440C2F20000006801
:1049A000007C48B9FFE740F26041C2F200010020FC
:1049B000087001F01DF907E040F26041C2F2000109
:1049C000087801300870FFE740F26000C2F2000092
:1049D000007838B3FFE740F26001C2F20001002026
:1049E0000290087040F25C01C2F20001087040F2CF
:1049F0008441C2F200010968087440F21001C2F259
:104A000000010120087002F043F902994AF646209D
:104A1000C0F600006A46106080220823084602F0B3
:104A20006BF9FFE7FFE7FFE704B080BD81B00090BE
:104A300001B0704780B586B004900391ADF80A20AC
:104A4000049890F84200202848D1FFE7039820B14D
:104A5000FFE7BDF80A0020B9FFE701208DF8170035
:104A600040E00499012008630499002048630498F9
:104A70000399BDF80A2003F04FFA8DF80900049855
:104A8000006B012821D1FFE7FFE700200190049887
:104A900000680068019004980068406801900198DF
:104AA000FFE7FFE7FFE70498006850E8030F40F0D6
:104AB00010000090FFE700990498026842E8031094
:104AC0000028F0D1FFE7FFE703E001208DF809009F
:104AD000FFE79DF809008DF8170003E002208DF82C
:104AE0001700FFE79DF8170006B080BD80B582B0C3
:104AF0000190ADF80210019840F21041C2F200019D
:104B0000884212D1FFE740F21040C2F2000040F2AA
:104B1000D011C2F200018022FFF78CFF40F2620147
:104B2000C2F200010120087017E0019840F2C8317C
:104B3000C2F2000188420FD1FFE7019840F2AC4178
:104B4000C2F200018022FFF775FF40F26101C2F25C
:104B5000000101200870FFE7FFE702B080BD000000
:104B600081B0009001B0704780B592B0119011985B
:104B700000680068109011980068C0680F90119844
:104B8000006840690E9000200D900C90109800F085
:104B90000F000D900D9888B9FFE79DF84000800642
:104BA00000280AD5FFE79DF83C008006002804D5C0
:104BB000FFE7119803F09CF8E9E1FFE70D98002862
:104BC00000F0C280FFE79DF83800C00738B9FFE762
:104BD000BDF83C0010F4907F00F0B680FFE79DF830
:104BE0004000C00758B1FFE79DF83D00C00730B155
:104BF000FFE71199486C40F001004864FFE79DF819
:104C00004000400700280BD5FFE79DF83800C0079B
:104C100030B1FFE71199486C40F002004864FFE7AB
:104C20009DF84000800700280BD5FFE79DF838006D
:104C3000C00730B1FFE71199486C40F004004864A8
:104C4000FFE79DF840000007002811D5FFE79DF819
:104C50003C008006002805D4FFE79DF83800C00717
:104C600030B1FFE71199486C40F008004864FFE755
:104C70001198406C002866D0FFE79DF84000800640
:104C800000280AD5FFE79DF83C008006002804D5DF
:104C9000FFE7119803F02CF8FFE7119800684069CE
:104CA000C0F380100C901198406C0007002804D4C9
:104CB000FFE70C9800283ED0FFE7119802F09EFF16
:104CC000119800684069400600282FD5FFE7FFE7EC
:104CD000FFE71198006850E8050F20F040000B90A6
:104CE000FFE70B991198026842E805100028F0D1FF
:104CF000FFE7FFE71198C06B98B1FFE71198C16B10
:104D000047F63920C0F6000048631198C06BFDF7E4
:104D1000EDF828B1FFE71198C06B416B8847FFE7BA
:104D200003E01198FFF71CFFFFE703E01198FFF77E
:104D300017FFFFE706E01198FFF712FF1199002017
:104D40004864FFE7FFE722E11198006B012840F07B
:104D5000FE80FFE79DF84000C006002840F1F78084
:104D6000FFE79DF83C00C006002840F1F080FFE717
:104D7000FFE700200A901198006800680A901198D7
:104D8000006840680A900A98FFE711980068406937
:104D90004006002840F18180FFE71198C06B006851
:104DA0004068ADF82600BDF82600002874D0FFE763
:104DB000BDF826001199898D88426DDAFFE7BDF8AC
:104DC00026001199C8851198C06B8069202858D099
:104DD000FFE7FFE7FFE71198006850E8030F20F4B2
:104DE00080700890FFE708991198026842E8031064
:104DF0000028F0D1FFE7FFE7FFE7FFE71198006821
:104E000050E8050F20F001000790FFE7079911987F
:104E1000026842E805100028F0D1FFE7FFE7FFE74E
:104E2000FFE71198006850E8050F20F04000069059
:104E3000FFE706991198026842E805100028F0D1B2
:104E4000FFE7FFE71199202081F842001199002027
:104E50000863FFE7FFE71198006850E8030F20F0B0
:104E600010000590FFE705991198026842E80310C9
:104E70000028F0D1FFE7FFE71198C06BFCF7F8FFBF
:104E8000FFE71199022048631198818DC28D891A1C
:104E900089B2FFF72BFEFFE779E01199888DC98D64
:104EA000401AADF812001198C08D00284ED0FFE7CF
:104EB000BDF81200002849D0FFE7FFE7FFE711988F
:104EC000006850E8030F20F490700390FFE7039907
:104ED0001198026842E803100028F0D1FFE7FFE7CD
:104EE000FFE7FFE71198006850E8050F20F0010088
:104EF0000290FFE702991198026842E80510002825
:104F0000F0D1FFE7FFE71199202081F842001199C5
:104F100000200863FFE7FFE71198006850E8030FDF
:104F200020F010000190FFE701991198026842E813
:104F300003100028F0D1FFE7FFE711990220486332
:104F40001198BDF81210FFF7D1FDFFE71FE09DF8A3
:104F50004000000600280AD5FFE79DF83C00000647
:104F6000002804D5FFE7119803F05CF80FE09DF8E6
:104F70004000400600280AD5FFE79DF83C004006A7
:104F8000002804D5FFE7119802F082FEFFE712B077
:104F900080BD000080B582B00090009820B9FFE786
:104FA00001208DF8070040E00098806908B1FFE714
:104FB00000E0FFE7009890F8410040B9FFE7009952
:104FC000002081F84000009800F034F8FFE70099D5
:104FD000242081F8410000980168C86820F400503E
:104FE000C860009802F03AFF00980168086920F450
:104FF0009040086100980168486920F02A004861E3
:1050000000980168C86840F40050C860009900200A
:105010004864009A202182F84110009A82F84210D8
:10502000009948638DF80700FFE79DF8070002B07C
:1050300080BD000080B590B00F9000200E900D90C4
:105040000C900B900F98006843F60001C4F2010128
:10505000884239D1FFE7FFE741F21800C4F20200AD
:10506000016841F480410160006800F480400A90CA
:105070000A98FFE7FFE741F21800C4F20200016856
:1050800041F004010160006800F0040009900998F3
:10509000FFE74FF400700B9002200C9003200E905D
:1050A00040F60000C4F2010005900BA90691FDF73F
:1050B00023FB059806994FF480620B9200220C9214
:1050C0000D92FDF719FB6FE00F98006844F60001A0
:1050D000C4F20001884266D1FFE7FFE741F21C00FD
:1050E000C4F20200016841F480210160006800F40C
:1050F000802008900898FFE7FFE741F21800C4F20B
:105100000200016841F008010160006800F0080039
:1051100007900798FFE74FF480600B9002200C90F7
:1051200003200E9040F60040C4F2010001900BA94C
:105130000291FDF7E1FA019802994FF400620B9297
:10514000002203920C920D92FDF7D6FA039940F2D9
:105150008C10C2F2000004903022C4F202020260FD
:10516000416081608022C260016141618161C161F1
:10517000FDF78EF818B1FFE7FCF768F8FFE7FFE7E7
:105180000F9840F28C11C2F20001C1630F9848627F
:10519000FFE72720009000221146FDF709FD009847
:1051A000FDF7FCFCFFE7FFE710B080BD80B58AB0DB
:1051B00008900791ADF81A200593002002900898F6
:1051C00090F84200202840F08880FFE7079820B13F
:1051D000FFE7BDF81A0020B9FFE701208DF827008E
:1051E0007FE0089900204864089A222182F8421042
:1051F00008990863FDF740FC0290BDF81A00089971
:105200008885BDF81A000899C88508988068B0F5A7
:10521000805F09D1FFE70898006928B9FFE70020FF
:1052200004900798039004E00798049000200390EE
:10523000FFE7FFE70898C08D002846D0FFE70898F1
:10524000029B05996A4611602021002202F034FF7A
:1052500040B1FFE70899202081F8420003208DF833
:1052600027003EE0049858B9FFE7089800684068B6
:105270006FF35F20039908800398023003901FE0CA
:1052800008988068B0F5805F08D0FFE708988068CC
:1052900050B9FFE70898006930B9FFE7089800683F
:1052A00040680499087007E008980068406800F0BA
:1052B0007F0004990870FFE7049801300490FFE72D
:1052C0000899C88D0138C885B4E70899202081F86D
:1052D000420000208DF8270003E002208DF827000F
:1052E000FFE79DF827000AB080BD000081B0009064
:1052F00001B0704781B0009001B0704780B58AB0AE
:1053000008900791ADF81A200593002002900898A4
:1053100090F84100202840F08180FFE7079820B1F5
:10532000FFE7BDF81A0020B9FFE701208DF827003C
:1053300078E00899002048640899212081F841000C
:10534000FDF79AFB0290BDF81A0008998884BDF811
:105350001A000899C88408988068B0F5805F09D160
:10536000FFE70898006928B9FFE700200490079834
:10537000039004E00798049000200390FFE7FFE704
:105380000898C08C78B3FFE70898029B05996A4695
:1053900011608021002202F08FFE40B1FFE70899E2
:1053A000202081F8410003208DF827003AE004987E
:1053B00058B9FFE7039800886FF35F2008990968E0
:1053C000486003980230039008E004980078089938
:1053D00009684860049801300490FFE70899C88C78
:1053E0000138C884CCE70898029B05996A46116089
:1053F0004021002202F060FE40B1FFE70899202022
:1054000081F8410003208DF827000BE00899202047
:1054100081F8410000208DF8270003E002208DF87C
:105420002700FFE79DF827000AB080BD81B00090FB
:1054300001B07047FFE7FEE782B0019000200090C6
:10544000FFE700980199B0EBC10F06D2FFE700BF5C
:10545000FFE7009801300090F3E702B070470000CA
:1054600080B584B0002002908DF80E0040F6004018
:10547000C4F201004FF400710122FDF7E5FA029831
:105480008DF80F00FFE79DF80F00072833DCFFE7DA
:105490009DF80E0040008DF80E0040F60040C4F26A
:1054A000010001904FF480710122FDF7CDFA022036
:1054B000FFF7C2FF01984FF40071FDF7ADFA38B164
:1054C000FFE79DF80E0040F001008DF80E00FFE7A9
:1054D00040F60040C4F201004FF480710022FDF755
:1054E000B3FA0220FFF7A8FFFFE79DF80F00013095
:1054F0008DF80F00C7E79DF80E0004B080BD0000D6
:1055000080B584B08DF80E008DF80D100292ADF8C4
:10551000063000F0BFF99DF80E004000C0B200F068
:1055200041F900F003FA30B1FFE700F0DDF90120A6
:105530008DF80F004CE09DF80D0000F033F900F0FD
:10554000F5F930B1FFE700F0CFF902208DF80F0038
:105550003EE000F09FF99DF80E0040000130C0B21F
:1055600000F020F900F0E2F930B1FFE700F0BCF9FB
:1055700003208DF80F002BE00020ADF80400FFE7BA
:10558000BDF80400BDF8061088421BDAFFE7FFF7FC
:1055900067FF0299BDF804208854BDF80400BDF8E7
:1055A00006100139884203D1FFE700F04BF902E011
:1055B00000F0D0F8FFE7FFE7BDF804000130ADF8D8
:1055C0000400DDE700F090F900208DF80F00FFE700
:1055D0009DF80F0004B080BD80B582B08DF8060044
:1055E0008DF80510009200F055F99DF80600400076
:1055F000C0B200F0D7F800F099F930B1FFE700F041
:1056000073F901208DF807002CE09DF8050000F0EB
:10561000C9F800F08BF930B1FFE700F065F902201E
:105620008DF807001EE000F035F99DF806004000F7
:105630000130C0B200F0B6F800F078F930B1FFE701
:1056400000F052F903208DF807000BE0FFF708FF88
:105650000099087000F0F6F800F046F900208DF887
:105660000700FFE79DF8070002B080BD80B58EB04F
:1056700000200D900C900B900A90FFE741F218006B
:10568000C4F20200016841F008010160006800F006
:10569000080009900998FFE740F60040C4F20100B5
:1056A00006904FF48071009100220292FDF7CCF930
:1056B000029A06984FF400710191FDF7C5F900991F
:1056C00006980A91112103910B91012104910C91EB
:1056D000022105910D910AA90791FDF70DF8DDF85A
:1056E0000CC0049B059A06980799DDF804E0CDF8F4
:1056F00028E0CDF82CC00C930D92FCF7FDFF029A28
:1057000005990698FDF7A0F9029A069804210891D8
:10571000FDF79AF9DDF80CC0049B059A06980799E5
:105720000A92CDF82CC00C930D92FCF7E5FFDDF842
:105730000CC0049B059A06980799DDF820E0CDF887
:1057400028E0CDF82CC00C930D92FCF7D5FF0EB0DD
:1057500080BD000080B586B040F60040C4F2010074
:1057600003904FF40071049100220292FDF76CF94E
:105770000220FFF761FE03984FF48071019101222E
:105780000592FDF761F90520FFF756FE0199029A8F
:105790000398FDF759F903980499059AFDF754F910
:1057A00006B080BD80B584B08DF80F0000208DF864
:1057B0000E00FFE79DF80E00072840DCFFE79DF88C
:1057C0000F00000600280AD5FFE740F60040C4F2AB
:1057D00001004FF400710122FDF736F909E040F6AF
:1057E0000040C4F201004FF400710022FDF72CF9D3
:1057F000FFE79DF80F0040008DF80F000220029097
:10580000FFF71AFE40F60040C4F2010000904FF48A
:10581000807101910122FDF717F90520FFF70CFEB9
:10582000009801990022FDF70FF90298FFF704FE96
:10583000FFE79DF80E0001308DF80E00BAE704B0C6
:1058400080BD000080B586B040F60040C4F2010083
:1058500003904FF40071049101220192FDF7F4F8D6
:105860000220FFF7E9FD019A03984FF4807102913D
:10587000FDF7EAF80520FFF7DFFD02990398002203
:105880000592FDF7E1F803980499059AFDF7DCF815
:1058900006B080BD80B586B040F60040C4F201007D
:1058A00003904FF40071019101220092FDF7CCF8B2
:1058B000009A03984FF480710491FDF7C5F8052014
:1058C0000290FFF7B9FD0199039800220592FDF7B8
:1058D000BBF80298FFF7B0FD03980499059AFDF70D
:1058E000B3F806B080BD000080B584B040F600403B
:1058F000C4F2010000904FF4007101910022FDF705
:10590000A3F800984FF4807101220292FDF79CF8F1
:1059100005200390FFF790FD00980199029AFDF78A
:1059200093F80398FFF788FD04B080BD80B586B07A
:1059300040F60040C4F2010003904FF40071019161
:1059400001220092FDF780F802200490FFF774FD19
:10595000009A03984FF480710291FDF775F804984E
:10596000FFF76AFD01990398FDF756F80299024680
:1059700003988DF817200022FDF766F80498FFF7CA
:105980005BFD9DF8170006B080BD000080B584B0B7
:10599000FDF772F8039040F60000C4F201002021E8
:1059A000FDF73AF88DF80B009DF80B00B0FA80F087
:1059B00040098DF80A0040F25840C2F20000007819
:1059C00001460191062800F210810199DFE801F0FB
:1059D00004163A6B95D1EF009DF80A0068B1FFE715
:1059E00040F25841C2F2000101200870039840F2D1
:1059F0005C41C2F200010860FFE7F6E09DF80A0092
:105A0000C0B1FFE7039840F25C41C2F200010968AF
:105A1000401A14280DD3FFE7039840F2A841C2F2C0
:105A20000001086040F25841C2F2000102200870F3
:105A3000FFE706E040F25841C2F200010020087082
:105A4000FFE7D2E09DF80A0068B9FFE740F258414D
:105A5000C2F2000103200870039840F25C41C2F2D8
:105A6000000108601EE0039840F2A841C2F2000164
:105A70000968401AB0F57A7F13D3FFE740F260015E
:105A8000C2F200010120087040F25841C2F2000148
:105A900006200870039840F25C41C2F200010860E1
:105AA000FFE7FFE7A1E09DF80A00C0B9FFE7039810
:105AB00040F25C41C2F200010968401A14280DD37B
:105AC000FFE740F25841C2F2000104200870039839
:105AD00040F25C41C2F200010860FFE70CE040F2D6
:105AE0005841C2F2000101200870039840F25C4165
:105AF000C2F200010860FFE777E09DF80A00F0B10C
:105B0000FFE7039840F25C41C2F200010968401AC5
:105B1000142813D3FFE740F25F01C2F20001012015
:105B2000087040F25841C2F2000105200870039845
:105B300040F25C41C2F200010860FFE718E0039800
:105B400040F25C41C2F200010968401AB0F5967F4C
:105B50000DD3FFE740F25E01C2F2000101200870A0
:105B600040F25841C2F2000100200870FFE7FFE751
:105B70003BE09DF80A0090B9FFE7039840F25C41D2
:105B8000C2F200010968401A142807D3FFE740F267
:105B90005841C2F2000100200870FFE706E00398B8
:105BA00040F25C41C2F200010860FFE71DE09DF891
:105BB0000A0090B9FFE7039840F25C41C2F200018D
:105BC0000968401A142807D3FFE740F25841C2F28F
:105BD000000100200870FFE706E0039840F25C41F6
:105BE000C2F200010860FFE7FFE704B080BD0000DB
:105BF00080B5CAB040F21000C2F200000078002860
:105C000000F0A881FFE740F26B50C2F200008078FC
:105C10002E284CD1FFE740F26B50C2F200004590B5
:105C200001784AF2C640C0F60000469000EB011031
:105C3000A0F5407069460860132047900621439103
:105C400023224892072301F057F8439BDDF814C143
:105C500046994798489A9CF801C001EB0C11A1F5B0
:105C60004071EC46CCF800100521449101F044F855
:105C7000449B46994798489AA031EC46CCF80010CE
:105C80000421499101F038F8DDF814C1469947988C
:105C9000489A499B9CF803C001EB0C11A1F5407197
:105CA000EC46CCF80010032101F026F846E04AF259
:105CB000C640C0F600003F90B0306946086013202F
:105CC000409006213C9123224192072301F014F8D1
:105CD0003C9B3F994098419A40F26B5CC2F2000CA9
:105CE000CDF8F8C09CF800C001EB0C11A1F5407193
:105CF000EC46CCF8001005213D9100F0FDFF3D9BE6
:105D00003F994098419AA031EC46CCF8001004210C
:105D1000429100F0F1FFDDF8F8C03F994098419AB8
:105D2000429B9CF802C001EB0C11A1F54071EC46BE
:105D3000CCF80010032100F0DFFFFFE740F25B50DA
:105D4000C2F20000379001784AF2C640C0F6000067
:105D5000389000EB0110A0F54070694608603120D2
:105D600039900521369141223A92062300F0C4FF72
:105D7000369B389939983A9AA031EC46CCF8001005
:105D800004213B9100F0B8FFDDF8DCC03899399868
:105D90003A9A3B9B9CF802C001EB0C11A1F54071B3
:105DA000EC46CCF80010032100F0A6FF40F23B5077
:105DB000C2F2000080782E284CD1FFE740F23B5021
:105DC000C2F20000319001784AF28650C0F600001D
:105DD000329000EB0110A0F5407069460860622027
:105DE000339006212F9172223492072300F084FF12
:105DF0002F9BDDF8C4C032993398349A9CF801C0C7
:105E000001EB0C11A1F54071EC46CCF80010052116
:105E1000309100F071FF309B32993398349AA03161
:105E2000EC46CCF800100421359100F065FFDDF858
:105E3000C4C032993398349A359B9CF803C001EB67
:105E40000C11A1F54071EC46CCF80010032100F0D4
:105E500053FF46E04AF28650C0F600002B90B03067
:105E60006946086062202C900621289172222D92AA
:105E7000072300F041FF289B2B992C982D9A40F284
:105E80003B5CC2F2000CCDF8A8C09CF800C001EB4E
:105E90000C11A1F54071EC46CCF8001005212991B8
:105EA00000F02AFF299B2B992C982D9AA031EC46C3
:105EB000CCF8001004212E9100F01EFFDDF8A8C0E0
:105EC0002B992C982D9A2E9B9CF802C001EB0C115B
:105ED000A1F54071EC46CCF80010032100F00CFF56
:105EE000FFE740F23B50C2F20000239041784AF2B3
:105EF0008650C0F60000249000EB0110A0F5407021
:105F0000694608606220259005212291722226921E
:105F1000062300F0F1FE229B24992598269AA031B1
:105F2000EC46CCF800100421279100F0E5FEDDF8E6
:105F30008CC024992598269A279B9CF803C001EBD6
:105F40000C11A1F54071EC46CCF80010032100F0D3
:105F5000D3FE59E140F24A00C2F2000000886428F2
:105F600040D1FFE740F22C50C2F200001D900178B2
:105F70004AF28650C0F600001E9000EB0110A0F51A
:105F800040706946086016201F9005211C9126224A
:105F90002092062300F0B0FE1C9BDDF874C01E9911
:105FA0001F98209A9CF801C001EB0C11A1F54071DB
:105FB000EC46CCF800100421219100F09DFEDDF8A4
:105FC00074C01E991F98209A219B9CF802C001EB77
:105FD0000C11A1F54071EC46CCF80010032100F043
:105FE0008BFE3AE04AF28650C0F600001890B030BE
:105FF00069460860162019900521169126221A92EA
:10600000062300F079FE169B189919981A9A40F207
:106010002C5CC2F2000CCDF85CC09CF800C001EB17
:106020000C11A1F54071EC46CCF8001004211B9135
:1060300000F062FEDDF85CC0189919981A9A1B9B53
:106040009CF801C001EB0C11A1F54071EC46CCF8B5
:106050000010032100F050FEFFE740F25400C2F2AE
:1060600000001590028840F23850C2F200004BF256
:106070002C21C0F6000103F005F91598008845F6BB
:106080002941C0F28F21A0FB0110002840D0FFE77A
:1060900040F23850C2F20000109001784AF2C64037
:1060A000C0F60000119000EB0110A0F540706946A9
:1060B00008606020129005210F9170221392062330
:1060C00000F01AFE0F9BDDF840C011991298139A48
:1060D0009CF801C001EB0C11A1F54071EC46CCF825
:1060E00000100421149100F007FEDDF840C0119962
:1060F0001298139A149B9CF802C001EB0C11A1F5A5
:106100004071EC46CCF80010032100F0F5FD7AE078
:1061100040F25400C2F20000008849F69A11C1F61C
:106120009911A0FB0110D8B3FFE74AF2C640C0F6B0
:1061300000000B90B0306946086060200C9005218B
:10614000099170220D92062300F0D6FD099B0B9950
:106150000C980D9A40F2385CC2F2000CCDF828C0C1
:106160009CF800C001EB0C11A1F54071EC46CCF895
:10617000001004210E9100F0BFFDDDF828C00B993E
:106180000C980D9A0E9B9CF801C001EB0C11A1F527
:106190004071EC46CCF80010032100F0ADFD31E079
:1061A0004AF2C640C0F600000590B0300390694640
:1061B0000860602006900521049170220792062352
:1061C00000F09AFD0399049B0698079AEC46CCF8D8
:1061D00000100421089100F08FFD05990698079A98
:1061E000089B40F2385CC2F2000C9CF800C001EB46
:1061F0000C11A1F54071EC46CCF80010032100F021
:106200007BFDFFE7FFE7FFE740F25E00C2F2000020
:10621000007888B3FFE740F25E01C2F2000100207F
:10622000087040F21001C2F2000102910878B0FA41
:1062300080F04009087000F02BFD0298007868B1EA
:10624000FFE74AF64620C0F60000694608600021D4
:1062500080220823084600F04FFD0CE04AF2466019
:10626000C0F6000069460860002180220823084625
:1062700000F042FDFFE73DE040F25F00C2F20000A7
:106280000078B0B3FFE740F25F01C2F200010020E6
:10629000087040F21100C2F200000178B1FA81F1F9
:1062A00049090170007800F0B7FE00F0F1FC40F2FF
:1062B0001000C2F20000007868B1FFE74AF64620FD
:1062C000C0F60000694608600021802208230846C5
:1062D00000F012FD0CE04AF24660C0F6000069468C
:1062E0000860002180220823084600F005FDFFE732
:1062F000FFE7FFE74AB080BD80B584B002904FF65B
:106300000040C0F600000190019800884AF655212F
:10631000884208D1FFE7029801992422F9F702FF89
:106320000020039014E002994AF655200880029953
:10633000002088700299C87002990871029948710A
:106340000299887102993120C87101200390FFE7FA
:10635000039804B080BD000080B584B00021039193
:106360000291019140F29000C2F20000009042F2CE
:106370000042C4F2010202604FF480728260017335
:1063800001754FF46022C261416003210161FBF796
:10639000DFFA18B1FFE7FAF759FFFFE70020019095
:1063A000012002900620039040F29000C2F200000B
:1063B00001A9FBF711F918B1FFE7FAF747FFFFE76B
:1063C000012001900220029040F29000C2F20000F1
:1063D00001A9FBF701F918B1FFE7FAF737FFFFE76B
:1063E000022001900320029040F29000C2F20000CF
:1063F00001A9FBF7F1F818B1FFE7FAF727FFFFE76C
:1064000004B080BD80B586B0FFE741F21400C4F24D
:106410000200016841F001010160006800F0010024
:1064200005900598FFE70B2000900022039211468B
:10643000FCF7BEFB0098FCF7B1FB039A0D2001901E
:106440001146FCF7B5FB0198FCF7A8FB039A0E2058
:1064500002901146FCF7ACFB0298FCF79FFB039AF5
:106460000F2004901146FCF7A3FB0498FCF796FB61
:1064700006B080BD80B58EB000200D900C900B90C2
:106480000A90FFE741F21800C4F20200016841F0EF
:1064900020010160006800F0200009900998FFE7E2
:1064A000FFE741F21800C4F20200016841F0040164
:1064B0000160006800F0040008900898FFE7FFE71B
:1064C00041F21800C4F20200016841F008010160C5
:1064D000006800F0080007900798FFE740F60040CA
:1064E000C4F201000590082100220492FCF7ACFAE6
:1064F000049A40F60000C4F20100019010210091BE
:10650000FCF7A2FA009A019804990A9201220292D9
:106510000B920C91022103910D910AA90691FCF7AF
:10652000EBF80198049A069920230A930B920C9297
:10653000FCF7E2F8029B049A059806994FF4805CF8
:10654000CDF828C00B930C9203220D92FCF7D4F8DF
:10655000DDF808C0039A049B059806994FF0880E51
:10656000CDF828E0CDF82CC00C930D92FCF7C4F8C0
:10657000049A0598069950230A930B920C92FCF703
:10658000BBF80EB080BD000080B582B040F2502054
:10659000C2F20000009043F60001C4F20001016065
:1065A0004FF482714160002101918160C1600161FD
:1065B00041614FF400728261C16101624162816296
:1065C0000A21C162FDF7EEF918B1FFE7FAF73EFEC6
:1065D000FFE702B080BD000080B598B000210191B6
:1065E0001791169115911491139112911191109187
:1065F0000F910E910D910C910B910A9109910891B7
:106600000791069105910491039140F2A820C2F2EE
:106610000000029042F60042C4F20102026041F61C
:106620001F42426081606322C2600161416180213A
:106630008161FDF7ABFB18B1FFE7FAF707FEFFE753
:106640004FF48050149040F2A820C2F2000014A928
:10665000FDF79EFC18B1FFE7FAF7F8FDFFE740F2FF
:10666000A820C2F20000FEF747F818B1FFE7FAF7DA
:10667000EDFDFFE700201290139040F2A820C2F237
:10668000000012A9FDF714FB18B1FFE7FAF7DEFDD1
:10669000FFE760200B9031200C9000220D920E92AB
:1066A0000F921092119240F2A820C2F200000BA9A2
:1066B000FDF780FF18B1FFE7FAF7C8FDFFE70020FC
:1066C000039004900590069007904FF400510891B4
:1066D0000A9040F2A820C2F2000003A9FDF78EFA4A
:1066E00018B1FFE7FAF7B2FDFFE740F2A820C2F2C7
:1066F0000000FDF721FE18B080BD000080B58AB013
:10670000002100910991089107910691059104914A
:1067100003910291019140F2F020C2F200004FF08B
:10672000804202604160816041F61F42C2600161A7
:106730008161FDF7E1FF18B1FFE7FAF787FDFFE799
:1067400000200890099040F2F020C2F2000008A951
:10675000FDF7AEFA18B1FFE7FAF778FDFFE7602022
:106760000190002002900390059040F2F020C2F2C8
:10677000000001A90C22FDF71DFF18B1FFE7FAF791
:1067800065FDFFE740F2F020C2F20000FDF7D4FD06
:106790000AB080BD80B58EB0002100910D910C91A2
:1067A0000B910A9109910891079106910591049125
:1067B00003910291019140F23830C2F2000040F2A0
:1067C0000042C4F200020260416081604FF4FA723C
:1067D000C260016180218161FDF7D8FA18B1FFE73D
:1067E000FAF734FDFFE74FF480500A9040F238305A
:1067F000C2F200000AA9FDF7CBFB18B1FFE7FAF7D8
:1068000025FDFFE740F23830C2F20000FDF774FFCB
:1068100018B1FFE7FAF71AFDFFE70020089009908A
:1068200040F23830C2F2000008A9FDF741FA18B171
:10683000FFE7FAF70BFDFFE76020019000220292CC
:106840000392059240F23830C2F2000001A9FDF730
:10685000B1FE18B1FFE7FAF7F9FCFFE740F2383074
:10686000C2F2000001A90422FDF7A4FE18B1FFE75F
:10687000FAF7ECFCFFE740F23830C2F2000001A961
:106880000822FDF797FE18B1FFE7FAF7DFFCFFE7F4
:1068900040F23830C2F20000FDF74EFD0EB080BD70
:1068A00080B58EB0002100910D910C910B910A9151
:1068B0000991089107910691059104910391029124
:1068C000019140F28030C2F2000040F60002C4F2B2
:1068D0000002026041F61F42426081606322C26092
:1068E00001618161FDF752FA18B1FFE7FAF7AEFCDA
:1068F000FFE74FF480500A9040F28030C2F200006F
:106900000AA9FDF745FB18B1FFE7FAF79FFCFFE77F
:1069100040F28030C2F20000FDF7FAFD18B1FFE747
:10692000FAF794FCFFE700200890099040F28030CD
:10693000C2F2000008A9FDF7BBF918B1FFE7FAF7AA
:1069400085FCFFE70022019202920392059240F239
:106950008030C2F2000001A9FDF784FD18B1FFE705
:10696000FAF774FCFFE740F28030C2F2000001A9A0
:106970000422FDF777FD18B1FFE7FAF767FCFFE7A0
:106980000EB080BD80B582B040F2C830C2F20000C7
:10699000019043F60001C4F2010101604FF4E131BE
:1069A000416000218160C16001610C22426181610E
:1069B000C161FEF7EFFA18B1FFE7FAF747FCFFE70E
:1069C00002B080BD80B582B040F21040C2F200003B
:1069D000019044F60001C4F2000101604FF4E1317E
:1069E000416000218160C16001610C2242618161CE
:1069F000C161FEF7CFFA18B1FFE7FAF727FCFFE70E
:106A000002B080BDFFE7FEE780B5CCB084464E986B
:106A10008DF82EC1ADF82C11ADF82A214993ADF8AF
:106A20002201499848B1FFE7BDF82A0128B1FFE7E4
:106A3000BDF82A017E2804DBFFE707208DF82F012F
:106A4000E9E09DF82E018DF81A0103208DF81B0155
:106A50009DF82D018DF81C01BDF82C018DF81D014C
:106A60009DF82B018DF81E01BDF82A018DF81F013C
:106A70000DF58D700190062102F088F90199ADF8AD
:106A80001400BDF814008DF820019DF815008DF854
:106A9000210140F2C830C2F2000008224FF0FF335B
:106AA000FEF72CFC50B1FFE74BF27120C0F600005E
:106AB00002F0D8FB06208DF82F01ACE0BDF82201D2
:106AC0000530ADF80800BDF8082040F2C830C2F229
:106AD00000000DF116014FF47A73FEF767FB20B149
:106AE000FFE701208DF82F0195E09DF816009DF835
:106AF0002E1188420CD0FFE79DF816104BF2A9200A
:106B0000C0F6000002F0AEFB03208DF82F0182E0FA
:106B10009DF8170003280CD0FFE79DF817104BF2E3
:106B20008720C0F6000002F09DFB04208DF82F01A5
:106B300071E09DF818008DF80F009DF80F00BDF86A
:106B40002A11B0EB410F0AD0FFE74BF25520C0F6F7
:106B5000000002F087FB05208DF82F015BE0BDF8F7
:106B60000800023881B20DF11600009002F00EF913
:106B7000009AADF80A009DF80A00BDF8081011440B
:106B800011F8021C88420CD1FFE79DF80B00BDF8FC
:106B900008100DF11602114411F8011C884213D09F
:106BA000FFE7BDF808000DF11601084430F8021C9B
:106BB000BDF80A204BF22F20C0F6000002F052FB75
:106BC00002208DF82F0126E00DF11600033004900D
:106BD0000020ADF80C00FFE7BDF80C00BDF82A114D
:106BE000884214DAFFE70498BDF80C2000EB42015C
:106BF00010F81200497840EA0120499921F8120062
:106C0000FFE7BDF80C000130ADF80C00E4E7002010
:106C10008DF82F01FFE79DF82F014CB080BD0000DB
:106C2000FFE7FEE788B0079006910592079800F00D
:106C3000070004900498C0F10700052803D3FFE77C
:106C40000420019004E00498C0F107000190FFE7E0
:106C50000198039004980430062803D8FFE7002029
:106C6000009003E0049803380090FFE7009802903A
:106C700006980399012202FA01F101390840029BAA
:106C8000984005999A40013A1140084308B070476E
:106C900080B582B000208DF80700FFE79DF807005F
:106CA000072826DCFFE79DF80700B030C0B200F0EF
:106CB000ADFA022000F0AAFA102000F0A7FA002096
:106CC0008DF80600FFE79DF806007F280ADCFFE745
:106CD000002000F0B5FAFFE79DF8060001308DF8BE
:106CE0000600F0E7FFE79DF8070001308DF8070088
:106CF000D4E702B080BD000080B584B0DDF818C0D4
:106D00008DF80F008DF80E108DF80D208DF80C30D9
:106D1000002002909DF80C00400730B9FFE79DF875
:106D20000C00C0088DF8060007E09DF80C1001204B
:106D300000EBD1008DF80600FFE79DF80E008DF8FE
:106D40000600FFE79DF806009DF80C10884227DA40
:106D5000FFE79DF80F009DF8061000F075F99DF80B
:106D60000F008DF80700FFE79DF807009DF80D1054
:106D700088420EDAFFE7069802994A1C0292405CAC
:106D800000F05EFAFFE79DF8070001308DF807007C
:106D9000EAE7FFE79DF8060001308DF80600D1E72D
:106DA00004B080BD82B0019000200090FFE7009801
:106DB0000199884206D2FFE700BFFFE70098013043
:106DC0000090F4E702B0704780B584B08DF80F00F2
:106DD00000208DF80E00FFE79DF80E0007283CDC30
:106DE000FFE79DF80F000006002809D5FFE740F6F1
:106DF0000040C4F2010004210122FBF725FE08E057
:106E000040F60040C4F2010004210022FBF71CFE02
:106E1000FFE79DF80F0040008DF80F000220029060
:106E2000FFF7C0FF029940F60040C4F20100019054
:106E30000122FBF709FE0520FFF7B4FF0198029934
:106E40000022FBF701FE0298FFF7ACFFFFE79DF879
:106E50000E0001308DF80E00BEE704B080BD0000CA
:106E600080B586B040F60040C4F2010003900421D2
:106E7000019101220092FBF7E7FD009A039802219D
:106E80000491FBF7E1FD05200290FFF78BFF0199CC
:106E9000039800220592FBF7D7FD0298FFF782FFC7
:106EA00003980499059AFBF7CFFD06B080BD00005A
:106EB00080B584B040F60040C4F201000090042187
:106EC00001910022FBF7C0FD0098022101220292ED
:106ED000FBF7BAFD05200390FFF764FF00980199C6
:106EE000029AFBF7B1FD0398FFF75CFF04B080BD89
:106EF00080B586B040F60040C4F201000390042142
:106F0000029101220192FBF79FFD02200490FFF7FE
:106F100049FF019A03980499FBF796FD0498FFF73F
:106F200041FF02990398FBF777FD04990246039805
:106F30008DF817200022FBF787FD0498FFF732FF3A
:106F40009DF8170006B080BD80B584B040F60040C3
:106F5000C4F201000190022101220292FBF774FDAC
:106F60000198029A0421FBF76FFDAE2000F04EF964
:106F70000020039000F04AF9102000F047F940206B
:106F800000F044F9B02000F041F9812000F03EF912
:106F9000FF2000F03BF9A62000F038F9A82000F00F
:106FA00035F93F2000F032F9C82000F02FF9A12078
:106FB00000F02CF9D32000F029F9039800F026F90D
:106FC000D52000F023F9802000F020F9D82000F02F
:106FD0001DF9052000F01AF9D92000F017F9F12069
:106FE00000F014F9DA2000F011F9122000F00EF987
:106FF000DB2000F00BF9302000F008F98D2000F0C4
:1070000005F9142000F002F9AF2000F0FFF8FFF7B7
:107010003FFE04B080BD000080B582B08DF807004F
:107020009DF8070038B1FFE7C82000F0EFF8A12075
:1070300000F0ECF806E0C02000F0E8F8A02000F036
:10704000E5F8FFE702B080BD80B582B08DF807009B
:107050008DF806109DF80600B030C0B200F0D6F8EA
:107060009DF80700811C102040EA111000F0CEF8B6
:107070009DF80700023000F00F0000F0C7F802B0E2
:1070800080BD000080B582B08DF807008DF8061035
:107090008DF805208DF804309DF8050020388DF816
:1070A00002009DF807007F2809DBFFE700208DF82C
:1070B00007009DF8060002308DF80600FFE79DF8F6
:1070C000040010284AD1FFE79DF807009DF806103C
:1070D000FFF7BAFF00208DF80300FFE79DF80300DB
:1070E000072814DCFFE79DF802109DF8030000EB71
:1070F000011149F6C460C0F60000405C00F0A0F841
:10710000FFE79DF8030001308DF80300E6E79DF8E6
:1071100007009DF806100131C9B2FFF795FF002066
:107120008DF80300FFE79DF80300072815DCFFE753
:107130009DF802109DF8030000EB011049F6C461B0
:10714000C0F600010844007A00F07AF8FFE79DF8E5
:10715000030001308DF80300E5E725E09DF8070006
:107160009DF80610FFF770FF00208DF80300FFE781
:107170009DF80300052816DCFFE79DF8020000EBF0
:10718000400149F69C40C0F6000000EB41009DF82C
:107190000310405C00F054F8FFE79DF80300013055
:1071A0008DF80300E4E7FFE702B080BD80B584B04E
:1071B0008DF80F008DF80E1002928DF80730FFE762
:1071C0000298007800B3FFE79DF80F009DF80E10BD
:1071D000029A531C029312789DF80730FFF752FF72
:1071E0009DF80F0008308DF80F009DF80F007928EA
:1071F00009DBFFE700208DF80F009DF80E0002303C
:107200008DF80E00FFE7DBE704B080BD80B582B0EB
:107210008DF80700FFF724FE7820FFF7D5FDFFF774
:1072200067FE0020FFF7D0FDFFF762FE9DF8070024
:10723000FFF7CAFDFFF75CFEFFF73AFE02B080BD24
:1072400080B582B08DF80700FFF70AFE7820FFF7BF
:10725000BBFDFFF74DFE4020FFF7B6FDFFF748FEF0
:107260009DF80700FFF7B0FDFFF742FEFFF720FE95
:1072700002B080BD7047000082B00190019840F2DA
:107280001401C2F200010968C90844F6D352C1F2E0
:107290006202A1FB0221890948430090FFE700BF79
:1072A000FFE70098411E00910028F8D1FFE702B0E7
:1072B0007047000080B584B00290029B69460220AE
:1072C000086049F2280101221046FFF79DFB0128C2
:1072D00003D1FFE70120039002E000200390FFE7C5
:1072E000039804B080BD000080B584B00290029B7A
:1072F00069460220086049F2290101221046FFF781
:1073000083FB012803D1FFE70120039002E0002066
:107310000390FFE7039804B080BD000080B540F201
:107320005020C2F20000FCF73FFA80BD80B582B069
:1073300001900198406A009000990020C887009948
:10734000C8860098FCF72CFA02B080BD7047000098
:1073500080B582B001904FF60040C0F6000000906A
:10736000FAF7DAF8009801992422FAF7EDF802B05A
:1073700080BD000080B582B0009000980138B0F167
:10738000807F03D3FFE70120019019E000980138C6
:107390004EF21401CEF2000108604FF0FF300F21D1
:1073A00000F0C2FF4EF21801CEF20001002008608A
:1073B0004EF21002CEF20002072111600190FFE7A9
:1073C000019802B080BD000080B5FBF75BFB80BD7B
:1073D00080B596B00CA801902821F8F7BCFE019862
:1073E000002302930B930A93099308930793069340
:1073F00005930493039301220C924FF480310D9175
:107400000E9310920222139214914FF4E0111591F1
:10741000FBF788FE18B1FFE7F9F718FFFFE70F2029
:10742000079002210891002009904FF480620A928F
:107430000B9007A8FBF7C2FC18B1FFE7F9F706FFAE
:10744000FFE7022003904FF40040059003A8FBF7EC
:10745000D1FB18B1FFE7F9F7F9FEFFE716B080BDE1
:107460007047000080B540F2F020C2F20000FCF747
:1074700055FE80BD80B540F28030C2F20000FCF7BE
:107480004DFE80BD83B0029001910298006800908B
:10749000029842F60041C4F20101884215D0FFE78C
:1074A0000298B0F1804F10D0FFE7029840F20041FF
:1074B000C4F20001884208D0FFE7029840F60001BC
:1074C000C4F2000188420AD1FFE7009820F0700062
:1074D000009001984168009808430090FFE70298E7
:1074E00042F60041C4F20101884215D0FFE702983C
:1074F000B0F1804F10D0FFE7029840F20041C4F293
:107500000001884208D0FFE7029840F60001C4F26B
:10751000000188420AD1FFE7009820F440700090F3
:107520000198C168009808430090FFE7009820F098
:107530008000019949690843009000980299086009
:10754000019880680299C86201980068029988626F
:10755000029842F60041C4F20101884205D1FFE7DA
:107560000198006902990863FFE7029901204861C8
:1075700002980069C00730B1FFE70299086920F05E
:1075800001000861FFE703B07047000084B003907A
:1075900002910192029800F01F01012088400090A2
:1075A000009A0399086A904308620198029901F0D1
:1075B0001F0100FA01F20399086A1043086204B03F
:1075C0007047000085B004900391029201930498E3
:1075D00080680090009820F47F4000900398029902
:1075E000019A41EA02210143009808430090009863
:1075F0000499886005B0704783B0029001910298A9
:1076000080680090009820F0700000900198009928
:10761000084340F00700009000980299886003B08A
:107620007047000085B0049003910498006A0190AF
:107630000499086A20F001000862049840680090EC
:10764000049880690290029820F0700002900298DD
:1076500020F003000290039801680298084302900A
:10766000019820F002000190039881680198084376
:107670000190049842F60041C4F2010188420ED103
:10768000FFE7019820F0080001900398C168019875
:1076900008430190019820F004000190FFE704984E
:1076A00042F60041C4F20101884213D1FFE700987D
:1076B00020F480700090009820F4007000900398EF
:1076C0004169009808430090039881690098084335
:1076D0000090FFE700980499486002980499886137
:1076E000039840680499486301980499086205B0BA
:1076F0007047000085B0049003910498006A0190DF
:107700000499086A20F0100008620498406800900C
:10771000049880690290029820F4E0400290029858
:1077200020F44070029003980168029840EA01201A
:107730000290019820F02000019003988168019840
:1077400040EA01100190049842F60041C4F20101A0
:1077500088420FD1FFE7019820F080000190039844
:10776000C168019840EA01100190019820F04000A2
:107770000190FFE7049842F60041C4F201018842FB
:1077800015D1FFE7009820F480600090009820F465
:107790000060009003984169009840EA81000090E1
:1077A00003988169009840EA81000090FFE7009803
:1077B0000499486002980499886103984068049984
:1077C000886301980499086205B0704785B00490F9
:1077D00003910498006A01900499086A20F480706B
:1077E00008620498406800900498C069029002986A
:1077F00020F070000290029820F00300029003989D
:107800000168029808430290019820F400700190EA
:1078100003988168019840EA01200190049842F69B
:107820000041C4F2010188420FD1FFE7019820F422
:10783000006001900398C168019840EA012001901E
:10784000019820F480600190FFE7049842F600411F
:10785000C4F20101884215D1FFE7009820F480505E
:107860000090009820F4005000900398416900981F
:1078700040EA0110009003988169009840EA0110E5
:107880000090FFE700980499486002980499C86145
:10789000039840680499C86301980499086205B088
:1078A0007047000085B0049003910498006A01902D
:1078B0000499086A20F48050086204984068009097
:1078C0000498C0690290029820F4E0400290029867
:1078D00020F44070029003980168029840EA012069
:1078E0000290019820F4005001900398816801985B
:1078F00040EA01300190049842F60041C4F20101CF
:1079000088420BD1FFE7009820F480400090039854
:107910004169009840EA81100090FFE700980499BF
:10792000486002980499C861039840680499086403
:1079300001980499086205B07047000085B0049072
:10794000039102920498006A00900499086A20F05A
:1079500001000862049880690190019820F0F0000D
:1079600001900299019840EA01100190009820F0DE
:107970000A00009003990098084300900198049928
:10798000886100980499086205B0704785B004903A
:10799000039102920498006A00900499086A20F00A
:1079A00010000862049880690190019820F47040EA
:1079B00001900299019840EA01300190009820F06E
:1079C000A00000900399009840EA011000900198EF
:1079D0000499886100980499086205B07047000016
:1079E00080B582B0482000210DF102020223FDF78C
:1079F00087FD30B1FFE749F23330CCF28830019097
:107A000016E09DF802109DF8030040EA0120ADF851
:107A10000000BDF900000009ADF80000BDF900004C
:107A2000F8F751FE4FF07651F8F71DFC0190FFE793
:107A3000019802B080BD000080B582B0019001982D
:107A4000406A009000990020C8850099C884009879
:107A5000FDF786F802B080BD80B584B003900020A9
:107A600002900398406A0190019800684069C0B292
:107A7000C0090290019890F8410021280AD1FFE73F
:107A8000029838B1FFE701990020C884019800F0FE
:107A900013F9FFE7019800684069C0F38010029075
:107AA000019890F8420022280AD1FFE7029838B1E5
:107AB000FFE701990020C885019800F09FF8FFE7D3
:107AC0000199486C40F0100048640198FDF748F8AF
:107AD00004B080BD80B586B005900598406A0490DA
:107AE000059800680068800600285AD4FFE70499CA
:107AF0000020C885FFE7FFE70498006850E8030FFF
:107B000020F480700390FFE703990498026842E82C
:107B100003100028F0D1FFE7FFE7FFE7FFE7049835
:107B2000006850E8050F20F001000290FFE702997D
:107B30000498026842E805100028F0D1FFE7FFE74B
:107B4000FFE7FFE70498006850E8050F20F04000C9
:107B50000190FFE701990498026842E805100028A7
:107B6000F0D1FFE7FFE70499202081F84200049854
:107B7000006B012814D1FFE7FFE7FFE704980068D6
:107B800050E8030F20F010000090FFE700990498E0
:107B9000026842E803100028F0D1FFE7FFE7FFE7A3
:107BA000FFE70499002048630498006B012805D181
:107BB000FFE70498818DFCF799FF03E00498FDF737
:107BC00095FBFFE706B080BD80B582B001900198BB
:107BD000406A00900099012048630098006B0128DA
:107BE00006D1FFE70098818D4908FCF77FFF03E08D
:107BF0000098FDF77FFBFFE702B080BD84B00390E3
:107C0000FFE7FFE70398006850E8030F20F4907047
:107C10000290FFE702990398026842E803100028E7
:107C2000F0D1FFE7FFE7FFE7FFE70398006850E8C0
:107C3000050F20F001000190FFE701990398026809
:107C400042E805100028F0D1FFE7FFE70398006B3A
:107C5000012814D1FFE7FFE7FFE70398006850E829
:107C6000030F20F010000090FFE7009903980268CE
:107C700042E803100028F0D1FFE7FFE7FFE7039990
:107C8000202081F8420003990020086304B0704767
:107C900080B582B0019001980168C86820F040006A
:107CA000C8600199202081F841000198FDF7BEFBD2
:107CB000002002B080BD000082B00190FFE7FFE726
:107CC0000198006850E8030F20F0C0000090FFE723
:107CD00000990198026842E803100028F0D1FFE7FC
:107CE000FFE70199202081F8410002B070470000B1
:107CF00080B586B00490049890F84200222840F0A5
:107D0000A480FFE704988068B0F5805F15D1FFE795
:107D10000498006988B9FFE7002003900498806AFE
:107D200002900498006840686FF35F200299088011
:107D30000499886A0230886225E00498806A03907A
:107D40000020029004988068B0F5805F08D0FFE7BB
:107D50000498806850B9FFE70498006930B9FFE7DC
:107D60000498006840680399087007E00498006868
:107D7000406800F07F0003990870FFE70499886A63
:107D800001308862FFE70499C88D0138C885000476
:107D9000002856D1FFE704980168C86820F0200049
:107DA000C86004980168C86820F48070C8600498AE
:107DB0000168486920F0010048610499202081F899
:107DC00042000499002048630498006B012830D1D8
:107DD000FFE7049900200863FFE7FFE704980068C5
:107DE00050E8030F20F010000190FFE7019904987C
:107DF000026842E803100028F0D1FFE7FFE704988B
:107E000000680068C00600280ED5FFE7FFE70020E5
:107E1000009004980068006800900498006840682A
:107E200000900098FFE7FFE70498818DFCF75EFE65
:107E300003E00498FDF75AFAFFE700208DF81700D9
:107E400007E000208DF8170003E002208DF81700EE
:107E5000FFE79DF8170006B080BD000080B584B034
:107E6000039003980068006920F44050039A116859
:107E7000D26810430861039988680A694969104308
:107E80000843029003980068C06841F20C6188437F
:107E90000299084303990968C8600398006840691B
:107EA00020F44070039A1168926910434861039866
:107EB000006843F60001C4F20101884204D1FFE7E3
:107EC000FBF7C0F8019003E0FBF7AAF80190FFE789
:107ED000019819214843039A116852689200B0FB37
:107EE000F2FC48F21F52C5F2EB12ACFB0230430920
:107EF000642003FB10CC322000EB0C10A0FB02022C
:107F0000F02000EA521000EB0310C2F343121044B9
:107F1000886004B080BD000080B588B007900691ED
:107F2000ADF81620069807998862BDF816000799E3
:107F30008885079900204864079A222182F8421018
:107F40000799CA6B47F6D521C0F6000191620799DF
:107F5000CA6B47F6C931C0F60001D1620799CA6BF6
:107F600047F65921C0F6000111630799C96B4863B0
:107F700006A8049007980168C06B0431049A12683F
:107F8000BDF81630FAF7DCF9FFE7002003900798F8
:107F900000680068039007980068406803900398A1
:107FA000FFE707980069A0B1FFE7FFE7FFE7079841
:107FB000006850E8030F40F480700290FFE70299D8
:107FC0000798026842E803100028F0D1FFE7FFE7B6
:107FD000FFE7FFE7FFE70798006850E8050F40F06C
:107FE00001000190FFE701990798026842E8051037
:107FF0000028F0D1FFE7FFE7FFE7FFE707980068F9
:1080000050E8050F40F040000090FFE70099079806
:10801000026842E805100028F0D1FFE7FFE70020E2
:1080200008B080BD83B00190019890F841002128EC
:108030003AD1FFE701988068B0F5805F13D1FFE780
:108040000198006978B9FFE70198006A00900098EC
:1080500000886FF35F200199096848600199086AF8
:108060000230086208E0019A106A411C116200782F
:10807000019909684860FFE70199C88C0138C884F4
:10808000000468B9FFE701980168C86820F0800023
:10809000C86001980168C86840F04000C860FFE708
:1080A00000208DF80B0003E002208DF80B00FFE7A5
:1080B0009DF80B0003B0704780B586B0DDF820C096
:1080C000049003918DF80B200193FFE7049800685A
:1080D000006803990840401AB0FA80F040099DF802
:1080E0000B1088424DD1FFE708980130002847D097
:1080F000FFE7FAF7C1FC0199401A0899884203D8B2
:10810000FFE7089820B9FFE703208DF817003CE04F
:1081100004980068C0684007002830D5FFE703983E
:1081200080282CD0FFE70398402828D0FFE7049848
:108130000068006800F008010120B0EBD10F1DD1EC
:10814000FFE7FFE7002000900498006800680090B7
:1081500004980068406800900098FFE70498FFF7D3
:108160004DFD049908204864FFE70499002081F838
:108170004000FFE701208DF8170006E0FFE7FFE76A
:10818000A4E700208DF81700FFE79DF8170006B060
:1081900080BD000080B540F21040C2F20000FCF744
:1081A000E3FC80BD80B582B00190009101984BF254
:1081B000EB11C0F60001F7F7D9FF80B9FFE700988F
:1081C00000280BD4FFE70098642807DCFFE700983D
:1081D00040F26C01C2F200018870FFE780E0019874
:1081E0004BF20E21C0F60001F7F7C0FF80B9FFE7A0
:1081F000009800280BD4FFE70098642807DCFFE70D
:10820000009840F26C01C2F20001C870FFE766E01E
:1082100001984BF2E111C0F60001F7F7A7FF80B912
:10822000FFE7009800280BD4FFE70098642807DCDC
:10823000FFE7009840F26C01C2F200010871FFE70D
:108240004CE001984BF2C311C0F60001F7F78EFF26
:1082500080B9FFE7009800280BD4FFE70098642856
:1082600007DCFFE7009840F26C01C2F200014871A0
:10827000FFE732E001984BF2F511C0F60001F7F785
:1082800075FF78B9FFE7009820B1FFE70098012853
:1082900007D1FFE7009840F26C01C2F2000188713B
:1082A000FFE719E001984BF2F111C0F60001F7F772
:1082B0005DFF80B9FFE7009800280BD4FFE7009826
:1082C000642807DCFFE7009840F26C01C2F200016D
:1082D000C871FFE7FFE7FFE7FFE7FFE7FFE7FFE71B
:1082E00002B080BDFFE7FEE781B08DF803009DF985
:1082F000030000280ED4FFE79DF9031001F01F02D0
:10830000012090404A094EF20011CEF2000141F8DE
:108310002200FFE701B070474EF60C50CEF200008D
:108320000068C0F30220704782B08DF8070000910A
:108330009DF9070000280AD4FFE7009800019DF985
:1083400007104EF20042CEF2000288540BE0009873
:1083500000019DF8071001F00F014EF61452CEF205
:1083600000028854FFE702B07047000083B002901B
:10837000029800F0070000904EF60C51CEF200017A
:108380000868019001984FF6FF0210400190019893
:10839000009A40EA02200022C0F2FA5210430190F3
:1083A0000198086003B0704780B582B001900091D9
:1083B00040F21040C2F2000001A901224FF0FF3349
:1083C000FCF79CFF019802B080BD000010B5B0B072
:1083D00000202F90FAF764FBFEF7FAFFFEF74AF849
:1083E000FEF710F8FDF7B8FFFEF7CEF8FEF7F4F849
:1083F000FEF7D0F9FEF7E6FAFEF780F9FEF7C2FACB
:10840000FEF74EFA40F28030C2F20000FBF768FD42
:1084100040F26C00C2F20000FDF76EFF012814D19B
:10842000FFE740F26C01C2F200010A2048710871B6
:10843000C8700020887188703120C8714BF2F2003A
:10844000C0F6000000F00EFF00E0FFE7F8F7A4FC24
:108450004FF47A70F9F7DAFFFDF708F9FEF774FDCB
:10846000142001F095FB40F28441C2F20001086043
:1084700000211D918DF8BB10ADF8B81040F23830D6
:10848000C2F200001C90FCF7ADF91C980421FCF727
:10849000A9F91C980821FCF7A5F940F2F020C2F2D6
:1084A00000000C21FCF79EF91D9940F2A820C2F2B1
:1084B0000000036831225A63FCF794F94BF2A110D3
:1084C000C0F6000040F21801C2F2000100F0CAFE3E
:1084D00040F21040C2F2000040F2D011C2F200019E
:1084E0008022FCF7A7FA40F29000C2F2000040F2AE
:1084F0006401C2F200010322F9F7A6FB18B1FFE7FD
:10850000F8F7A4FEFFE722A83021F7F724FE0220A7
:1085100001F03EFB21902EA8F8F78CFC0020209063
:108520001F9021990DF1BB00F8F7C8FCB8B9FFE71F
:1085300021984078F8F7C7F84CF6CD41C3F64C5176
:10854000F7F791FE2090BDF8B800F8F7BCF84CF6AC
:10855000CD41C3F6CC51F7F786FE1F9009E04BF2F0
:108560001612C0F60002002003211023FEF71EFEA3
:10857000FFE74AF64620C0F6000069460860002181
:108580001B91802208230846FEF7B6FB1B988DF846
:108590007B0040F24100C2F200000078002856D073
:1085A000FFE740F25D00C2F20000007800284ED0E4
:1085B000FFE740F25800C2F2000000684FF081412E
:1085C000F8F757F8002842D1FFE740F24A00C2F21C
:1085D0000000FEF76FFE38B1FFE740F24801C2F23B
:1085E0000001012008700FE040F24A00C2F20000D2
:1085F000028840F22C50C2F200004BF22C21C0F64F
:10860000000100F03FFEFFE76420F9F7FFFE40F2B3
:108610004C00C2F20000FEF767FE38B1FFE740F2FF
:108620004801C2F20001012008700FE040F24C0046
:10863000C2F20000028840F23250C2F200004BF257
:108640002C21C0F6000100F01DFEFFE70BE040F218
:108650004A01C2F200010020088040F24C01C2F23F
:1086600000010880FFE7FFE740F26200C2F200006D
:108670000078C0B1FFE740F26201C2F200010020C1
:10868000087040F21040C2F20000C08DC0F18000BE
:10869000ADF87800BDF8781040F2D010C2F20000BA
:1086A00000F0AEFBFFE740F29000C2F20000006A6B
:1086B00090F82100012840F0A381FFE740F240013B
:1086C000C2F200010020087040F26400C2F2000013
:1086D00014900088F8F700F84FF20001C4F27F51BF
:1086E0001591F7F7F2FDF8F734F84FF0663216926D
:1086F00046F26663C4F20A031793F7F7CBFE4CF613
:108700006442C4F65D3240F2C873C3F6DD73F7F716
:1087100033FFF8F731F80146149840F25002C2F2E4
:108720000002189211604088F7F7D6FF1599F7F705
:10873000CCFDF8F70EF8169A179BF7F7ABFE44F648
:10874000E902CFF62E724FF62153C3F6A673F7F760
:1087500013FFF8F711F80146149840F24402C2F2F0
:1087600000021A9211608088F7F7B6FF1599F7F7A3
:10877000ACFDF7F7EEFF169A179BF7F78BFE4DF25D
:10878000A162CEF6347244F23853C3F6B773F7F7EA
:10879000F3FEF7F7F1FF0246189840F25801C2F2D3
:1087A000000119910A6000680968F7F75CFDF7F7A6
:1087B00098FF0146189840F25402C2F2000211805C
:1087C0000068F7F7C6FF02460B4640F25B50C2F264
:1087D00000004BF2B301C0F6000100F053FD199800
:1087E0000068F7F7B6FF02460B4640F26B50C2F244
:1087F00000004BF2E101C0F6000100F043FD1A98C1
:108800000068F7F7A6FF02460B4640F24B50C2F253
:1088100000004BF2C401C0F6000100F033FD2098C7
:10882000F7F797FF02460B4640F26140C2F20000A4
:108830004BF2A301C0F6000100F024FD40F26A00F3
:10884000C2F200000078022873D1FFE740F26A010B
:10885000C2F2000100201390087040F24400C2F2FE
:108860000000016840F27440C2F200000F900068FE
:10887000F7F7A1FC0F99086040F25000C2F2000027
:10888000016840F27840C2F2000010900068F7F7EB
:1088900092FC1099086040F25800C2F20000016892
:1088A00040F27C40C2F2000011900068F7F783FCB0
:1088B00011990860FFF794F801460F9840F27C5236
:1088C000C2F20002116000680021C4F240010E9162
:1088D000F7F7FBFC0E990246109840F28444C2F26E
:1088E00000042368DA600068F7F7EFFC0E9902468F
:1088F000119823689A600068F7F7E7FC0E992268E0
:10890000506040F28040C2F2000012900068F7F719
:10891000DCFCDDF83CC0109B119A12998646139836
:108920002468C4F800E0CCF800001860106008600B
:1089300047E040F26A01C2F2000108780130087095
:1089400040F24400C2F20000016840F27440C2F2FA
:1089500000000A900068F7F72EFC0A99086040F2C0
:108960005000C2F20000016840F27840C2F20000FC
:108970000B900068F7F71FFC0B99086040F2580055
:10898000C2F20000016840F27C40C2F200000C908C
:108990000068F7F710FC0C990860FFF721F8014612
:1089A00040F27C50C2F200000160016840F2804059
:1089B000C2F200000D900068F7F7FDFB0D9908600A
:1089C000FFE740F27C50C2F200000068F7F7C1FEFA
:1089D00002460B4640F23B50C2F200004BF2BB0194
:1089E000C0F6000100F04EFC40F29000C2F2000020
:1089F00040F26401C2F200010322F9F725F9FFE712
:108A000040F25800C2F2000000684FF08341F7F7CF
:108A100030FE002862D1FFE740F26C00C2F2000095
:108A2000807901285AD1FFE740F28440C2F2000069
:108A3000006800680021C4F24821F7F736FE38B913
:108A4000FFE740F26C01C2F200013120C87144E03E
:108A500040F28440C2F20000006800680021C4F2C5
:108A60004821F7F7F8FD80BBFFE740F28440C2F2EF
:108A70000000006800680021C4F28C21F7F715FEA1
:108A800018BBFFE740F28440C2F2000000680068B3
:108A90000021CCF24821F7F78EFBF7F75AFE0022AF
:108AA00009920023C4F20403F7F7F4FC099A48F290
:108AB0000003C4F24803F7F746FCF7F72BFE40F239
:108AC0006C01C2F20001C87106E040F26C01C2F212
:108AD00000016320C871FFE7FFE706E040F26C0188
:108AE000C2F200010020C871FFE72EA8F8F7A2F932
:108AF000BDF8B800F7F7E7FD4CF6CD41C3F6CC5111
:108B0000F7F7B1FB1F90F8F7C1F9F7F7DCFD4CF66A
:108B1000CD41C3F64C51F7F7A6FB209040F2580028
:108B2000C2F2000000684FF08341F7F7A2FD58BB86
:108B3000FFE740F24100C2F20000007820B3FFE7F7
:108B400040F25D00C2F200000078E8B1FFE740F2B9
:108B50008440C2F200000068007CA8B9FFE72098BA
:108B60000021C4F2A001F7F7B0FB0021C4F2842178
:108B7000F7F779FBF7F7B5FD40F26C01C2F200019F
:108B800088700120887107E040F26C01C2F2000198
:108B9000002088708871FFE7F8F7FEF840F2410086
:108BA000C2F200000078002859D0FFE740F25D00D3
:108BB000C2F200000078002851D0FFE740F25800D0
:108BC000C2F2000000684FF08141F7F752FD002823
:108BD00045D1FFE740F24A00C2F20000FEF76AFB0F
:108BE00080B9FFE740F24A00C2F20000028840F27A
:108BF0002C50C2F200004BF22C21C0F6000100F014
:108C000041FB06E040F24801C2F200010120087079
:108C1000FFE76420F9F7FAFB40F24C00C2F20000D3
:108C2000FEF762FB80B9FFE740F24C00C2F20000A1
:108C3000028840F23250C2F200004BF22C21C0F602
:108C4000000100F01FFB06E040F24801C2F2000103
:108C500001200870FFE76420F9F7D8FB06E040F236
:108C60004A01C2F2000100200880FFE740F6004000
:108C7000C4F201000890802107910122F9F7E4FE77
:108C80000A20F9F7C3FB08984021F9F7C5FE0799B8
:108C90000246089882F0010240F25D03C2F200032E
:108CA0001A700022F9F7D0FEF8F7B6F940F28440C6
:108CB000C2F200000068007C012862D1FFE740F2A8
:108CC0005C00C2F20000007800285AD1FFE740F2B1
:108CD0005C01C2F2000101200390087040F24A01D9
:108CE000C2F2000100200690088040F28440C2F2E7
:108CF0000000029000684068F7F72BFD02460B4623
:108D00004BF25800C0F6000000F0ACFA0298006880
:108D1000C068F7F71EFD02460B464BF26C00C0F62A
:108D2000000000F09FFA029800680068F7F711FD54
:108D300002460B464BF24600C0F6000000F092FAE5
:108D4000029800688068F7F704FD02460B464BF274
:108D50007F00C0F6000000F085FA039A40F600009C
:108D6000C4F20100049010210591F9F76DFE40F264
:108D7000DC50F9F74BFB04980599069AF9F764FE65
:108D8000FFE74FF49670F9F741FB6DE484B0039070
:108D9000ADF80A10FF208DF809008DF80800BDF825
:108DA0000A00ADF80200FFE7BDF80200411EADF871
:108DB0000210E0B1FFE79DF8080003994A1C0392F6
:108DC0000978484001909DF80900019A4AF64661E9
:108DD000C0F60001895C48408DF8080001994AF608
:108DE0004670C0F60000405C8DF80900DCE79DF895
:108DF00009109DF8080040EA012004B07047000007
:108E000080B5C6B04590ADF812114598439045988D
:108E1000BDF8121108444290FFE7439842998842F6
:108E200080F01D82FFE7FFE74399429A00209142BC
:108E3000089012D2FFE7439801780120202907907B
:108E400008D0FFE7439800780938B0FA80F040096D
:108E50000790FFE707980890FFE70898C00720B140
:108E6000FFE7439801304390DEE7439842998842F8
:108E700001D3FFE7F3E143984190439842990A1ADE
:108E80003A21F7F781F94090409808B9FFE7E6E109
:108E9000409842990A1A3B21F7F776F93F903F989C
:108EA00018B9FFE742983F90FFE740984199401A70
:108EB0001D901D98402803D3FFE73F201D90FFE73A
:108EC00041991D9A2FA80690F7F72CF906991D9A3B
:108ED00000208854409801301C903F981C99401AFB
:108EE0001B901B98402803D3FFE73F201B90FFE710
:108EF0001C991B9A1FA80590F7F714F905991B9A5E
:108F0000002088541A904BF2EB11C0F600012FA8F4
:108F1000F7F72CF968B3FFE74BF20E21C0F600011A
:108F20002FA8F7F723F920B3FFE74BF2E111C0F6C2
:108F300000012FA8F7F71AF9D8B1FFE74BF2C311D8
:108F4000C0F600012FA8F7F711F990B1FFE74BF237
:108F5000F111C0F600012FA8F7F708F948B1FFE7B3
:108F60004BF2F511C0F600012FA8F7F7FFF868B92A
:108F7000FFE71FA8F7F712F91E901E992FA8FFF719
:108F800011F9F7F709FF01201A903DE14BF2DC11CE
:108F9000C0F600012FA8F7F7E9F890B9FFE71FA87E
:108FA000F7F7FCF81E901E98012809D1FFE740F260
:108FB0006C00C2F20000FEF7CBF901201A90FFE727
:108FC00021E14BF20421C0F600012FA8F7F7CEF8FB
:108FD000002840F09380FFE740F26C00C2F20000EE
:108FE000039000F114014BF2B410C0F6000000F041
:108FF00039F9039800F108014BF2A510C0F6000002
:1090000000F030F90398C17802794379C079EC46D1
:10901000CCF800004BF25E10C0F6000000F022F920
:1090200040F24100C2F20000049001784BF280103F
:10903000C0F6000000F016F940F25D00C2F2000038
:1090400001784BF24910C0F6000000F00BF940F235
:109050005800C2F200000068F7F77BFB02460B469F
:109060004BF22E10C0F6000000F0FCF840F2500069
:10907000C2F200000068F7F76CFB02460B464BF2A9
:109080002010C0F6000000F0EDF840F24400C2F2FB
:1090900000000068F7F75DFB02460B464BF23C1000
:1090A000C0F6000000F0DEF8039881784BF254100F
:1090B000C0F6000000F0D6F8039881794BF27510E5
:1090C000C0F6000000F0CEF804980078A8B1FFE7E1
:1090D0004BF28D10C0F6000040F22C51C2F200019C
:1090E00000F0C0F84BF29910C0F6000040F2325187
:1090F000C2F2000100F0B6F8FFE783E04BF2D411B2
:10910000C0F600012FA8F7F731F858B9FFE740F291
:109110006C01C2F200011F98209A219B0B61CA606A
:1091200088606EE04BF2FC11C0F600012FA8F7F743
:109130001DF878B9FFE740F26C01C2F200011F98F8
:10914000209A219BDDF888C0C1F820C0CB618A61DC
:10915000486155E04BF21021C0F600012FA8F7F747
:1091600005F860B9FFE740F24100C2F20000017863
:109170004BF22320C0F6000000F074F83FE04BF201
:10918000C511C0F600012FA8F6F7F0FF60B9FFE7A0
:1091900040F25D00C2F2000001784BF21920C0F6E7
:1091A000000000F05FF829E04BF2CC11C0F600019E
:1091B0002FA8F6F7DBFF58B9FFE74BF28D10C0F68A
:1091C000000040F22C51C2F2000100F04BF814E014
:1091D0004BF2E311C0F600012FA8F6F7C7FF58B90C
:1091E000FFE74BF29910C0F6000040F23251C2F294
:1091F000000100F037F8FFE7FFE7FFE7FFE7FFE7D1
:10920000FFE7FFE7FFE7FFE71A98A0B1FFE73F9806
:109210004199401A199019983F280BD8FFE74199B6
:10922000199A09A80290F6F77DFF0299199A002071
:109230008854FFE7FFE76420F9F7E8F83F98439088
:1092400043984299884209D2FFE7439800783B2827
:1092500004D1FFE7439801304390FFE7DDE546B0D6
:1092600080BD00000FB4054B10B503A9044A029855
:1092700000F0F2F810BC5DF814FB0000A9830008B0
:10928000000000200FB4084B10B504A902AA0398EF
:1092900000F0E2F8044602A9002000F074FC204629
:1092A00010BC5DF814FB0000879B00080048704765
:1092B0000C00002002E008C8121F08C1002AFAD1E1
:1092C00070477047002001E001C1121F002AFBD146
:1092D000704700002DE9FF5F82B00021DDE9043016
:1092E000020DDDF840B0034318D044F61050A2F24E
:1092F000FF3242431514119801281FD0A5EB0B0033
:10930000401C5FEA000A4FF000064E4FDFF838912C
:10931000B046504615D5CAF1000413E01198012457
:109320004AA3012801D16FEA0B010298119AC0E902
:109330000031C0E9024206B0BDE8F09FCBF1000069
:10934000DFE704460021404A491842EB0450CDE9CA
:10935000001012E0E00707D032463B46404649463F
:10936000F7F798F88046894632463B46104619463C
:10937000F7F790F806460F466410002CEAD1DDE9B5
:109380000401DDE90023BAF1000F06DAF7F782F8ED
:1093900042464B46F7F77EF805E0F7F7EDF8424610
:1093A0004B46F7F7E9F804460E460022284BF7F73C
:1093B0005BFB03D84FF0FF30014607E00022254B4E
:1093C00020463146F6F7BFFFF7F736FB102409E0D9
:1093D000002C0ADB0A220023F7F700FA039B303245
:1093E0001A55641E50EA0102F2D1641C039AC4F1BA
:1093F00011031444119A012A03D0012208430DD10C
:109400000AE0084304D000204FF0110B119072E7DE
:10941000A3EB0B056D1E0DE05B4504DD4FF0000274
:1094200005F1010504E003DA4FF00002A5F10105A2
:10943000002AECD002981199C0E90231C0E9004538
:1094400079E70000000014400000F03F3000000009
:109450000000F0430000E03F2DE9FF4F95B09B4630
:109460008946064600250FE2252877D100242746A5
:10947000F84A0121059400E0044316F8013F203B1F
:1094800001FA03F01042F7D130782A2811D06FF09A
:109490002F033078A0F13002092A16D8059A44F03B
:1094A000020402EB820203EB42021044761C059098
:1094B000EFE759F8042B0592002A03DA504244F4EE
:1094C0000054059044F00204761C30782E2816D102
:1094D00016F8010F44F004042A280DD06FF02F0273
:1094E0003078A0F13003092B09D807EB870302EB92
:1094F0004303C718761CF3E759F8047B761C3078D1
:109500006C280FD006DC4C2817D068280DD06A28AC
:1095100014D104E0742810D07A280FD10DE044F45F
:1095200000140AE044F4801401E044F4401472781A
:10953000824202D104F58014761C761C30786628AD
:109540000BD013DC582877D009DC002875D04528CB
:10955000F6D04628F4D047281AD19DE118E06328B8
:1095600035D0642879D0652812D195E1702873D060
:1095700008DC6728F1D069286FD06E280DD06F28DD
:1095800006D1B5E073282CD0752875D0782874D012
:109590005A46179990476D1C75E1C4F30250022892
:1095A00009D003280DD0D9F8001004280DD00D6083
:1095B00009F1040967E1D9F80010EA17C1E900527E
:1095C000F6E7D9F800100D80F2E70D70F0E719F812
:1095D000041B8DF8001000208DF80100EA460120E0
:1095E00003E059F804AB4FF0FF3061074FF0000182
:1095F00002D40DE008F101018846B9420FDA804536
:10960000F8DB1AF808100029F4D108E008F101018C
:1096100088468142FADB1AF808100029F6D105982D
:109620005B46A0EB080721463846179A00F094FAEB
:10963000284400EB080507E04DE029E10DE01AF8A9
:10964000010B5A4617999047B8F10108F7D25B46CB
:1096500021463846179A13E142E00A220092C4F3E9
:1096600002524FF0000A022A08D059F804CB032A0C
:109670004FEAEC710AD00DE029E02AE009F1070178
:1096800021F00702F2E802C1914609E00FFA8CFCD2
:109690004FEAEC71042A03D14FFA8CFC4FEAEC71CB
:1096A000002907DA0A460021DCF1000C61EB020117
:1096B0002D2202E0220504D52B228DF80420012260
:1096C00003E0E20701D02022F7E7904659E00A21A3
:1096D00002E010220DE010214FF0000A00910BE093
:1096E00010224FF0000A44F004040827009203E01F
:1096F00008224FF0000A0092C4F30252022A05D059
:1097000059F804CB0021032A08D009E009F1070128
:1097100021F00702F2E802C1914605E01FFA8CFC35
:10972000042A01D10CF0FF0C4FF00008220728D5C5
:10973000702806D0009B83F0100353EA0A0305D07B
:109740000EE040228DF80420012208E05CEA0102CC
:1097500006D030228DF804208DF8050002229046B4
:10976000009B83F0080353EA0A030AD15CEA010272
:1097700001D1620705D530228DF804204FF0010891
:109780007F1E582804D034A003900EA802900DE04C
:1097900036A0F9E753466046009AF7F71FF884466B
:1097A0000398825C0298401E029002705CEA0100FD
:1097B000F0D1029806A9081A00F1200A600702D524
:1097C00024F4803400E00127574502DDA7EB0A00AE
:1097D00000E0002000EB0A01009005984144401A87
:1097E0000590E00306D45B462146179A059800F0E1
:1097F000B3F90544002706E001A85A46C05D179951
:1098000090476D1C7F1C4745F6DBE0030CD55B469B
:109810002146179A059800F09FF9054404E030208E
:109820005A46179990476D1C0099481E00900029D0
:10983000F5DC08E0029802995A460078491C02912A
:10984000179990476D1CBAF10001AAF1010AF1DCE9
:1098500065E10000092801003031323334353637F4
:10986000383961626364656600000000303132336C
:10987000343536373839414243444546000000000C
:1098800000F058F90544761C307800287FF4ECADE0
:1098900019B02846BDE8F08F620700D4062709F109
:1098A000070222F0070CFCE80223E14603F000481F
:1098B0005FEA080C02D00FF2702C0DE05FEA045C46
:1098C00002D50FF2682C07E05FEAC47C02D00FF2E9
:1098D000602C01E0AFF2700C4FF0FF3823F0004332
:1098E000CDF850C065280CD006DC452809D04628A4
:1098F0001DD047283DD13DE0662818D067287ED18D
:1099000038E00021112F01DB112000E0781CCDE9A7
:10991000000106A90EA8FFF7DDFCDDE90F010E9A94
:1099200003910021009207F1010A04914DE04FF0EC
:1099300000400097CDE9011006A90EA8FFF7CAFC68
:10994000DDE90F0203920E9B11990022DDF80CA0B5
:109950000093049211B9791C00EB010AB7EB0A00DD
:1099600004D4C0F1FF3007F1010A0490AAEB07000C
:10997000019044E0012F00DA01270021112F01DDC1
:10998000112000E03846CDE9000106A90EA8FFF736
:10999000A1FCDDE90F010E9A0391002104910092D0
:1099A000BA4621070CD40399514500DA8A46BAF128
:1099B000010F05DD009AAAF10101515C302908D0A0
:1099C000B84202DA10F1040F06DA0121CDE90110E4
:1099D00015E0AAF10101E9E7002805DC049901443A
:1099E0000491AAEB000102E0411C514500DD8A46CA
:1099F0000499401A401C01904FF00040029020074B
:109A000004D40198504501DBCDF8048000208DF886
:109A10004F0002980DF14F07B0F1004F25D02B20D9
:109A20000E9002984FF0020800280CDA4042029093
:109A30002D200E9007E00A210298F6F7B9FE30318A
:109A4000029007F8011DB8F10001A8F10108F2DC4D
:109A500002980028EFD1791E0E980870307800F037
:109A6000200040F0450007F8020D12A8C01B00F1CD
:109A700007081498007800B1012000EB0A01019852
:109A800001EBE07105984144401A401E0590E00347
:109A900006D45B462146179A059800F05DF8054408
:109AA0001498007818B15A46179990476D1CE00336
:109AB00024D55B462146179A059800F04DF80544D9
:109AC0001CE00498002807DBDDE90301884203DD80
:109AD0000098405C179901E0179930205A4690474A
:109AE000049805F10105401C04900198401E019066
:109AF00004D12E205A46179990476D1CBAF10001E7
:109B0000AAF1010ADDDC05E017F8010B5A461799A6
:109B100090476D1CB8F10001A8F10108F4DC5B4628
:109B20002146179A0598ABE62D0000002B00000097
:109B3000200000002DE9F041044600251E4617468E
:109B4000880404D405E039462020B0476D1C641E0B
:109B5000F9D52846BDE8F0812DE9F04104460025FD
:109B60001E469046C80301D5302700E02027880410
:109B700004D505E041463846B0476D1C641EF9D552
:109B80002846BDE8F0810A68531C0B6010707047CE
:109B9000F0B50B30154D20F007010024144A0FE0FA
:109BA00003688B420BD38B4205D95E1A4318476872
:109BB000C3E9006700E04368136002C004E0021DCF
:109BC00010680028ECD12046002802D1286808B18E
:109BD0000020F0BD064A07481060074A121A22F01A
:109BE0000702C0E9002401202860D7E70800002010
:109BF000040000208C050020880700200040404021
:109C0000404040404040414141414140404040404F
:109C100040404040404040404040404040050202FB
:109C200002020202020202020202020202202020BA
:109C30002020202020202002020202020202909016
:109C40009090909010101010101010101010101014
:109C50001010101010101010020202020202888868
:109C60008888888808080808080808080808080874
:109C7000080808080808080802020202400000005C
:109C8000FD9B00080000000000000000010203042A
:109C9000060708090000000001020304000000009C
:109CA00000000000002F0000000007000700001463
:109CB0007F147F1400242A7F2A1200626408132371
:109CC00000364955225000000503000000001C2208
:109CD0004100000041221C000014083E0814000846
:109CE000083E0808000000A06000000808080808F6
:109CF000000060600000002010080402003E51498E
:109D0000453E0000427F400000426151494600212B
:109D100041454B31001814127F1000274545453945
:109D2000003C4A49493000017109050300364949A0
:109D3000493600064949291E000036360000000059
:109D400056360000000814224100001414141414A4
:109D5000000041221408000201510906003249594D
:109D6000513E007C1211127C007F49494936003E69
:109D700041414122007F4141221C007F4949494124
:109D8000007F09090901003E4149497A007F08081E
:109D9000087F0000417F4100002040413F01007FDB
:109DA00008142241007F40404040007F020C027FA7
:109DB000007F0408107F003E4141413E007F0909B9
:109DC0000906003E4151215E007F091929460046DF
:109DD000494949310001017F0101003F4040403FB6
:109DE000001F2040201F003F4038403F0063140800
:109DF00014630007087008070061514945430000DB
:109E00007F41410000552A552A55000041417F00FD
:109E100000040201020400404040404000000102F2
:109E20000400002054545478007F484444380038DB
:109E30004444442000384444487F00385454541863
:109E400000087E0901020018A4A4A47C007F080475
:109E500004780000447D4000004080847D00007F45
:109E6000102844000000417F4000007C0418047862
:109E7000007C0804047800384444443800FC24245E
:109E800024180018242418FC007C08040408004846
:109E90005454542000043F444020003C4040207C67
:109EA000001C2040201C003C4030403C0044281056
:109EB0002844001CA0A0A07C004464544C4414140A
:109EC0001414141400000000000000000000000042
:109ED00000000000000000F8000000000000003357
:109EE0003000000000100C06100C060000000000FE
:109EF0000000000040C07840C0784000043F0404E7
:109F00003F040400007088FC08300000001820FFA7
:109F1000211E0000F008F000E018000000211C03E2
:109F20001E211E0000F00888700000001E2123245E
:109F30001927211010160E0000000000000000007C
:109F400000000000000000E018040200000000070C
:109F50001820400000020418E00000000040201813
:109F600007000000404080F0804040000202010FE6
:109F700001020200000000F0000000000101011FCA
:109F800001010100000000000000000080B070002E
:109F900000000000000000000000000000010101BE
:109FA000010101010000000000000000003030004D
:109FB0000000000000000000806018040060180627
:109FC0000100000000E010080810E000000F102061
:109FD00020100F00001010F8000000000020203FAB
:109FE0002020000000700808088870000030282435
:109FF00022213000003008888848300000182020D6
:10A0000020110E000000C02010F8000000070424FA
:10A01000243F240000F8088888080800001921203F
:10A0200020110E0000E0108888180000000F112099
:10A0300020110E0000380808C83808000000003F52
:10A04000000000000070880808887000001C2221B1
:10A0500021221C0000E010080810E000000031225E
:10A0600022110F00000000C0C000000000000030FE
:10A070003000000000000080000000000000806050
:10A0800000000000000080402010080000010204D1
:10A0900008102000404040404040400004040404B8
:10A0A0000404040000081020408000000020100874
:10A0B00004020100007048080808F00000000030A9
:10A0C00036010000C030C828E810E0000718272437
:10A0D00023140B000000C038E0000000203C2302E5
:10A0E0000227382008F8888888700000203F202048
:10A0F00020110E00C030080808083800071820207A
:10A100002010080008F808080810E000203F202070
:10A1100020100F0008F88888E8081000203F202051
:10A120002320180008F88888E8081000203F200045
:10A1300003000000C030080808380000071820207D
:10A14000221E020008F808000008F808203F21013C
:10A1500001213F20000808F8080800000020203FE7
:10A160002020000000000808F8080800C080808057
:10A170007F00000008F888C028180800203F200150
:10A180002638200008F8080000000000203F2020AA
:10A190002020300008F8F800F8F80800203F003FC1
:10A1A000003F200008F830C00008F808203F2000D9
:10A1B00007183F00E01008080810E0000F102020EA
:10A1C00020100F0008F808080808F000203F2101BF
:10A1D00001010000E01008080810E0000F18242416
:10A1E00038504F0008F8888888887000203F200089
:10A1F000030C30200070880808083800003820213F
:10A2000021221C00180808F8080818000000203F48
:10A210002000000008F808000008F808001F2020AF
:10A2200020201F000878880000C838080000073880
:10A230000E010000F80800F80008F800033C0700D1
:10A24000073C0300081868808068180820302C0339
:10A25000032C30200838C800C83808000000203F10
:10A260002000000010080808C838080020382621FF
:10A2700020201800000000FE020202000000007F03
:10A2800040404000000C30C0000000000000000111
:10A290000638C00000020202FE00000000404040FC
:10A2A0007F00000000000402020204000000000021
:10A2B000000000000000000000000000808080809E
:10A2C0008080808000020204000000000000000086
:10A2D000000000000000808080800000001924221F
:10A2E00022223F2008F8008080000000003F11205B
:10A2F00020110E000000008080800000000E112060
:10A3000020201100000000808088F800000E11203D
:10A3100020103F200000808080800000001F22224B
:10A3200022221300008080F0888888180020203FB7
:10A33000202000000000808080808000006B9494CA
:10A340009493600008F8008080800000203F210086
:10A3500000203F2000809898000000000020203F4F
:10A3600020200000000000809898000000C080803D
:10A37000807F000008F8000080808000203F2402D9
:10A380002D302000000808F8000000000020203FC9
:10A39000202000008080808080808000203F20007E
:10A3A0003F20003F8080008080800000203F21000F
:10A3B00000203F200000808080800000001F2020BF
:10A3C00020201F00808000808000000080FFA120EE
:10A3D00020110E000000008080808000000E1120FF
:10A3E00020A0FF80808080008080800020203F218E
:10A3F0002000010000008080808080000033242441
:10A4000024241900008080E0808000000000001FEC
:10A41000202000008080000000808000001F20209D
:10A4200020103F20808080000080808000010E305E
:10A430000806010080800080008080800F300C03BF
:10A440000C300F0000808000808080000020312EC2
:10A450000E312000808080000080808080818E709E
:10A460001806010000808080808080000021302C50
:10A470002221300000000000807C02020000000069
:10A48000003F404000000000FF000000000000000E
:10A49000FF0000000002027C800000000040403FFE
:10A4A0000000000000060101020204040000000098
:10A4B0000000000002030405060708090A0B0C0D42
:10A4C0000E0F10100102FFFFC7011138383838385D
:10A4D00038390183FFFFFFFFC78383E3E3E3E3E34F
:10A4E000E3E3E3E7FFFFFFFFC3811818F8F1E3E3BD
:10A4F000C78F0000FFFFFFFF0000F1E3C3C1F8F8C2
:10A50000181881C3FFFFFFFFE3E7C7CF8C9818003F
:10A5100000F8F8FCFFFFFFFF01013F3F030111F8C6
:10A52000381101C7FFFFFFFF870331313F070331B8
:10A53000313103C7FFFFFFFF000038F9F1F1F3E30A
:10A54000E7C7C7CFFFFFFFFF87033131310303396F
:10A5500039390183FFFFFFFFC3811818181880C025
:10A56000989881C3FFFFFFFFFFFFFFFFFFFFFFFF83
:10A57000FFDF8FDFFFFFFFFFFFFFFFFFFFFFFFFF9B
:10A58000FFFFFFFFFFFF000038FEEEC7C7C7C7C7CA
:10A59000C7C6FE7C00000000387C7C1C1C1C1C1CF8
:10A5A0001C1C1C18000000003C7EE7E7070E1C1C6A
:10A5B0003870FFFF00000000FFFF0E1C3C3E070745
:10A5C000E7E77E3C000000001C1838307367E7FFA7
:10A5D000FF07070300000000FEFEC0C0FCFEEE0700
:10A5E000C7EEFE380000000078FCCECEC0F8FCCEEE
:10A5F000CECEFC3800000000FFFFC7060E0E0C1C7C
:10A60000183838300000000078FCCECECEFCFCC6F6
:10A61000C6C6FE7C000000003C7EE7E7E7E77F3F20
:10A6200067677E3C000000000000000000000000A2
:10A63000002070200000000000000000000000006A
:10A64000000000000000000000000000000000000A
:10A65000000000000000000000000000000000807A
:10A660008080C0C0C0E0E0E0E0E0E0E0E0E0E0E00A
:10A67000C0C0C0808080000000000000000000001A
:10A6800000000000000000000000000000000000CA
:10A69000000000000000000000000000C0E0F0F03A
:10A6A000F0F0F0F0F0F0F0F0F0F0F0F0F0F0F0F0AA
:10A6B000F0F0F0F0F0F0F0F0F0F0E0C0000000009A
:10A6C000000000000000000000000000000000008A
:10A6D0000000000000000070F0F8FC3E3E1F0F0F6D
:10A6E0000707030303030101010101010101010344
:10A6F00003030307070F0F1F3E3E7CF8F0E0C08006
:10A700000000000000000000000000000000000049
:10A71000000000000000000000000000FFFFFFFF3D
:10A72000FFFFFFFFFFFFFFFFFFFFFFFF7B33373719
:10A73000A787CFCFCFFFFFFFFFFFFFFF0000000085
:10A740000000000000000000000000000000000009
:10A750000020E040B0D03000000000000000000009
:10A7600000000000000000000000000000000000E9
:10A7700000000000000000000000000001070F3F83
:10A78000FFFEF8E0000000000000000000000000F4
:10A790000020B0A0A0A0B00000000000FFFFFFFF5D
:10A7A000FFFFFFFFFFFFFFFFFFFFFFFFF7F7F6F2DF
:10A7B000FAF8F8F9FDFFFFFFFFFFFFFF00000000C0
:10A7C0000000000000000000000000000000000089
:10A7D00000C3020300013D00000000000000000073
:10A7E0000000000000000000000000000000000069
:10A7F000000000000040E0C0800060600000000039
:10A80000000FFFFFFFF80000000000000000000044
:10A810000000E4949494E38080000000FFFFFFFFB9
:10A82000FFFFFFFFFFFFFFFFFFFFFFFFFFFFFFFF38
:10A83000FFFFFFFFFFFFFFFFFFFFFFFF0000000024
:10A840000000000000000000000000000000000008
:10A85000003331715979C900000000000000000088
:10A8600000000000000000000000000000000000E8
:10A8700000000000000C0C0103070E0400000000A3
:10A8800000E0FFFFFF3F00000000000000000000AC
:10A89000000496949494760000000000FFFFFFFFF0
:10A8A000FFFFFFFFFFFFFFFFFFFFFFFFFFFFFFFFB8
:10A8B000FFFFFFFFFFFFFFFFFFFFFFFF00000000A4
:10A8C0000000000000000000000000000000000088
:10A8D000000F09090F090F00000000000000000030
:10A8E0000000000000000000000000000000000068
:10A8F00000000000000000000000000000C0E0F8C0
:10A90000FEFF3F0F010000000000000000000000FB
:10A91000001E121212121E0000000000FFFFFFFFB7
:10A92000FFFFFFFFFFFFFFFFFFFFFFFFFFFFFFFF37
:10A93000FFFFFFFFFFFFFFFFFFFFFFFF0000000023
:10A940000000000000000000000000000000000007
:10A9500000000000000000000000000000C0E0E077
:10A96000C0C08080808000000000000000000080E7
:10A97000808080C0C0E0E0F0F8F87C3E1F0F070345
:10A9800001000000000000000000000000000000C6
:10A99000000000000000000000000000FFFFFFFFBB
:10A9A000FFFFFFFFFFFFFFFFFFFFFFFFFFFFFFFFB7
:10A9B000FFFFFFFFFFFFFFFFFFFFFFFF00000000A3
:10A9C0000000000000000000000000000000000087
:10A9D0000000000000000000000000000000010373
:10A9E00003030707070F0F0F0F0F0F0F0F0F0F0FA7
:10A9F0000707070303030101000000000000000037
:10AA00000000000000000000000000000000000046
:10AA10000000000000000000000000000103030728
:10AA200007070707070707070707070707070707B6
:10AA300007070707070707070703030100000000D0
:10AA40000000000000000000000000000000000006
:10AA50000000000000000000000000808080808076
:10AA600080808080808080800000000000000000E6
:10AA70000000000000000000008080808080808056
:10AA800080808080808000000000000000000000C6
:10AA900000000000000000000000000000000000B6
:10AAA000000000804020201010101018080808082E
:10AAB0000808081810101020204080000000000036
:10AAC0000000000000000000000000000000000086
:10AAD000000000000000000000FEFFFFFFFFFF3F3E
:10AAE0003F7F7F7FFFFFFFFFFFFE000000000000B1
:10AAF00000000000000000FEFFFFFFFFFFFF7F7F60
:10AB00007F3FBF3FBF9FFFFE00000000000000002E
:10AB100000000000774D4F48470000000000000093
:10AB2000000000FF000000000000000078CC8480DE
:10AB3000808084CC780000000000FF00000000004E
:10AB40000000000000000000000000000000000005
:10AB50009890D0706060000000FFFFFFFFFFFFE7EC
:10AB6000E7F7F7F2FAF8F8FDFFFF000000002020F9
:10AB700020202020000000FFFFFFFFFFFFFCFCFC67
:10AB8000F9FBFBF0F3F7FFFF0000000000000000FE
:10AB9000000000207929292937000000000000006A
:10ABA000000000FF0000000000182424180000002E
:10ABB00000000000000000000000FF000000000096
:10ABC0000000000000000000000000000000000085
:10ABD000E020006020EF000000FFFFFFFFFFFFFF0D
:10ABE000FFFFFFFFFFFFFFFFFFFF00000000E0206F
:10ABF000006020EF000000FFFFFFFFFFFFFFFFFFEF
:10AC0000FFFFFFFFFFFFFFFF00000000000000004C
:10AC1000000000007749474D4F0000000000000091
:10AC2000000000FF00000000000000000000000025
:10AC300000000000000000000000FF000000000015
:10AC40000000000000000000000000000000000004
:10AC5000A5A5253DA5A5000000FFFFFFFFFFFFFF05
:10AC6000FFFFFFFFFFFFFFFFFFFF00000000A5A5A4
:10AC7000253DA5A5000000FFFFFFFFFFFFFFFFFF31
:10AC8000FFFFFFFFFFFFFFFF0000000000000000CC
:10AC900000000000E7ADAFA8E780800000000000E2
:10ACA000000000FF000000000000000000000000A5
:10ACB00000000000000000000000FF000000000095
:10ACC0000000000000000000000000000000000084
:10ACD000070404040407000000FFFFFFFFFFFFFF5D
:10ACE000FFFFFFFFFFFFFFFFFFFF00000000070463
:10ACF00004040407000000FFFFFFFFFFFFFFFFFF4A
:10AD0000FFFFFFFFFFFFFFFF00000000000000004B
:10AD100000000000FC9494949400000000000000E7
:10AD2000000000FF00000000000000000000000024
:10AD300000000000000000000000FF000000000014
:10AD40000000000000000000000000000000000003
:10AD50000000000000000000003F7FFFFFFFFFFF3A
:10AD6000FFFFFFFFFFFFFFFF7F3F0000000000002D
:10AD7000000000000000003F7FFFFFFFFFFFFFFF1C
:10AD8000FFFFFFFFFFFF7F3F00000000000000000B
:10AD9000000000E08E9A9E908E00000000000000EF
:10ADA000000000FF000000000000000000000000A4
:10ADB00000000000000000000000FF000000000094
:10ADC0000000000000000000000000000000000083
:10ADD0000000000000000000000000000000000073
:10ADE0000000000000000000000000000000000063
:10ADF0000000000000000000000000000000000053
:10AE00000000000000000000000000000000000042
:10AE10000000000100000000000000000000000031
:10AE200000000000030604040404040404040404F1
:10AE300004040404040404040603000000000000E9
:10AE400000000000000000C1814001C0804101C03D
:10AE5000804100C1814001C0804100C1814000C1EA
:10AE6000814001C0804101C0804100C1814000C1DA
:10AE7000814001C0804100C1814001C0804101C0CA
:10AE8000804100C1814001C0804100C1814000C1BA
:10AE9000814001C0804100C1814001C0804101C0AA
:10AEA000804100C1814000C1814001C0804101C09A
:10AEB000804100C1814001C0804100C1814000C18A
:10AEC000814001C0804101C0804100C1814000C17A
:10AED000814001C0804100C1814001C0804101C06A
:10AEE000804100C1814000C1814001C0804101C05A
:10AEF000804100C1814001C0804100C1814000C14A
:10AF0000814001C0804100C1814001C0804101C039
:10AF1000804100C1814001C0804100C1814000C129
:10AF2000814001C0804101C0804100C1814000C119
:10AF3000814001C0804100C1814001C0804101C009
:10AF4000804100C1814000C0C101C30302C2C606E6
:10AF500007C705C5C404CC0C0DCD0FCFCE0E0ACA51
:10AF6000CB0BC90908C8D81819D91BDBDA1A1EDEA1
:10AF7000DF1FDD1D1CDC14D4D515D71716D6D21251
:10AF800013D311D1D010F03031F133F3F23236F661
:10AF9000F737F53534F43CFCFD3DFF3F3EFEFA3A11
:10AFA0003BFB39F9F83828E8E929EB2B2AEAEE2EA1
:10AFB0002FEF2DEDEC2CE42425E527E7E62622E211
:10AFC000E323E12120E0A06061A163A3A26266A661
:10AFD000A767A56564A46CACAD6DAF6F6EAEAA6AD1
:10AFE0006BAB69A9A86878B8B979BB7B7ABABE7E21
:10AFF0007FBF7DBDBC7CB47475B577B7B67672B2D1
:10B00000B373B17170B05090915193535292965660
:10B010005797559594549C5C5D9D5F9F9E5E5A9A90
:10B020009B5B99595898884849894B8B8A4A4E8E20
:10B030008F4F8D4D4C8C4484854587474686824290
:10B040004383418180406573745F74656D703A20FD
:10B05000252D332E316609006573745F636872674E
:10B060005F763A20252D342E316609006573745FB2
:10B070006261745F763A20252D342E3166090065B1
:10B0800073745F636872675F693A20252D322E31D1
:10B09000660A00457863657074696F6E2100536FAE
:10B0A000433A004D41585F493A20252E3166410010
:10B0B00043493A252D332E31664100252D342E315A
:10B0C000666F43004241545F563A20252D342E319D
:10B0D00066560042563A252D342E316656004356A8
:10B0E0003A252D342E31665600543A252D342E3112
:10B0F0006600466C61736820456D7074792C206C15
:10B100006F61642064656661756C74207061726142
:10B110006D657465720043483232342045727200A6
:10B12000434852475F493A252E3166413B00434828
:10B1300052475F563A252E3166563B004241545FD6
:10B14000563A252E3166563B0049525F5245433AE6
:10B1500025643B00494354524C3A25643B00523A23
:10B1600025643B473A25643B423A25643B46414EC1
:10B170003A25643B004348475F454E3A25643B000F
:10B180004241545F494E53543A25643B00424D536B
:10B190005F534F433A25733B00424D535F534F4833
:10B1A0003A25733B0053575F444154453A252E31AD
:10B1B00032733B00434852475F534E3A252E313697
:10B1C000733B00420049525F524543004241545F85
:10B1D000534F430053575F44415445005341564534
:10B1E0000047004241545F534F4800494354524C7A
:10B1F0000046414E004348475F454E004348524792
:10B200005F534E00434852475F494E464F0052003D
:10B210004241545F494E53540049525F5245433AAC
:10B220002564004241545F494E53543A256400421C
:10B230004D532042616420435243202D3E203078FC
:10B2400025582C2045787065637465643A20307801
:10B2500025583B0A00424D53205265616420504CF2
:10B2600044204C656E204D69736D617463683B0AC0
:10B2700000726571756573742073656E642054493E
:10B280004D454F55543B00424D5320526573706FEE
:10B290006E736520434D44204E4F54204D4154431E
:10B2A000483A20307825583B00424D5320536C617A
:10B2B00076652041646472657373204E4F54204D4F
:10B2C000415443483A20307825583B00F0B20008FA
:10B2D0000000002040000000B492000830B30008D5
:10B2E00040000020480B0000C4920008000000004D
:10B2F000000000000000000000000000000000004E
:10B300000101000000127A00526F626F5061727486
:10B310007920555342432043686172676520426F2C
:10B320006172642E0A00010010000000000000009D
:04000005080000ED02
:00000001FF
